cli,judgment_date,set,char_count,download_batch
CLI.C.574112913,2026-06-08,,,2026-06-17 (supplement)
CLI.C.576779809,2026-04-08,,,2026-06-17 (supplement)
CLI.C.576337662,2026-03-18,,,2026-05-29 (batch 1–500)
CLI.C.576568016,2026-03-18,,,2026-05-29 (batch 1–500)
CLI.C.576428069,2026-03-04,,,2026-06-17 (supplement)
CLI.C.576234697,2026-02-22,,,2026-06-17 (supplement)
CLI.C.576677818,2026-02-02,,,2026-06-17 (supplement)
CLI.C.576433264,2026-01-30,,,2026-06-17 (supplement)
CLI.C.576667569,2026-01-30,,,2026-06-17 (supplement)
CLI.C.576345180,2026-01-21,,,2026-06-17 (supplement)
CLI.C.576789275,2026-01-06,,,2026-06-17 (supplement)
CLI.C.576661076,2026-01-03,,,2026-06-17 (supplement)
CLI.C.576777150,2025-12-31,,,2026-06-17 (supplement)
CLI.C.577031738,2025-12-26,70,646,2026-06-17 (supplement)
CLI.C.577186046,2025-12-26,,,2026-06-17 (supplement)
CLI.C.577284921,2025-12-25,,,2026-06-17 (supplement)
CLI.C.575383695,2025-12-23,,,2026-05-29 (batch 1–500)
CLI.C.575649455,2025-12-22,70,606,2026-05-29 (batch 1–500)
CLI.C.576524541,2025-12-22,,,2026-05-29 (batch 1–500)
CLI.C.576546142,2025-12-19,,,"2026-05-29 (batch, via supplement pool)"
CLI.C.577027330,2025-12-19,,,2026-06-17 (supplement)
CLI.C.576673307,2025-12-18,,,2026-06-17 (supplement)
CLI.C.576792240,2025-12-18,,,2026-06-17 (supplement)
CLI.C.576982657,2025-12-18,,,2026-06-17 (supplement)
CLI.C.576240203,2025-12-17,,,2026-05-29 (batch 1–500)
CLI.C.576239458,2025-12-15,,,2026-06-17 (supplement)
CLI.C.576020807,2025-12-12,,,"2026-05-29 (batch, via supplement pool)"
CLI.C.576693393,2025-12-12,,,2026-06-17 (supplement)
CLI.C.576983932,2025-12-12,,,2026-06-17 (supplement)
CLI.C.577160901,2025-12-12,,,2026-06-17 (supplement)
CLI.C.577252364,2025-12-10,,,2026-06-17 (supplement)
CLI.C.574539706,2025-12-09,,,2026-05-29 (batch 501–1000)
CLI.C.576179118,2025-12-08,,,2026-05-29 (batch 1–500)
CLI.C.576027729,2025-12-04,70,723,2026-05-29 (batch 1–500)
CLI.C.574900316,2025-11-29,,,"2026-05-29 (batch, via supplement pool)"
CLI.C.576177479,2025-11-28,,,2026-05-29 (batch 1–500)
CLI.C.575959291,2025-11-21,,,2026-06-17 (supplement)
CLI.C.577121914,2025-11-18,,,2026-06-17 (supplement)
CLI.C.574686996,2025-11-15,,,2026-05-29 (batch 501–1000)
CLI.C.577085836,2025-11-13,,,2026-06-17 (supplement)
CLI.C.576687163,2025-11-11,,,2026-06-17 (supplement)
CLI.C.575558178,2025-11-06,70,756,2026-05-29 (batch 1–500)
CLI.C.569019934,2025-11-01,,,2026-05-29 (batch 1–500)
CLI.C.575869895,2025-10-29,,,2026-06-17 (supplement)
CLI.C.576050438,2025-10-27,,,"2026-05-29 (batch, via supplement pool)"
CLI.C.574745317,2025-10-24,,,2026-05-29 (batch 1–500)
CLI.C.573426654,2025-10-23,,,2026-05-29 (batch 1–500)
CLI.C.576664187,2025-10-23,,,2026-06-17 (supplement)
CLI.C.574664751,2025-10-20,,,2026-05-29 (batch 1–500)
CLI.C.576684192,2025-10-20,,,2026-06-17 (supplement)
CLI.C.576905363,2025-10-20,,,2026-06-17 (supplement)
CLI.C.574018491,2025-10-17,,,2026-05-29 (batch 1–500)
CLI.C.575905064,2025-10-13,,,2026-05-29 (batch 1–500)
CLI.C.574425575,2025-10-12,,,2026-05-29 (batch 1–500)
CLI.C.573415981,2025-10-08,,,2026-05-29 (batch 1–500)
CLI.C.576981804,2025-10-07,,,2026-06-17 (supplement)
CLI.C.576081474,2025-10-03,,,2026-05-29 (batch 1–500)
CLI.C.577205401,2025-09-29,,,2026-06-17 (supplement)
CLI.C.575870242,2025-09-28,,,"2026-05-29 (batch, via supplement pool)"
CLI.C.565913501,2025-09-25,,,2026-06-17 (supplement)
CLI.C.575581294,2025-09-25,,,2026-05-29 (batch 1–500)
CLI.C.576408222,2025-09-22,70,743,2026-05-29 (batch 1–500)
CLI.C.576685203,2025-09-22,,,2026-06-17 (supplement)
CLI.C.574222053,2025-09-21,,,2026-05-29 (batch 501–1000)
CLI.C.577177466,2025-09-20,,,2026-06-17 (supplement)
CLI.C.568732810,2025-09-19,30,695,2026-05-29 (batch 1–500)
CLI.C.575729056,2025-09-19,,,2026-05-29 (batch 1–500)
CLI.C.574994251,2025-09-17,,,2026-05-29 (batch 501–1000)
CLI.C.573433336,2025-09-16,,,2026-05-29 (batch 1–500)
CLI.C.576739040,2025-09-16,,,2026-06-17 (supplement)
CLI.C.576363038,2025-09-12,,,2026-05-29 (batch 1–500)
CLI.C.574936165,2025-09-10,,,2026-05-29 (batch 1–500)
CLI.C.575673801,2025-09-10,,,2026-05-29 (batch 1–500)
CLI.C.576022733,2025-09-10,,,2026-06-17 (supplement)
CLI.C.575789189,2025-09-09,,,2026-05-29 (batch 1–500)
CLI.C.576013590,2025-09-05,,,2026-06-17 (supplement)
CLI.C.576662244,2025-09-05,,,2026-06-17 (supplement)
CLI.C.577161567,2025-09-05,,,2026-06-17 (supplement)
CLI.C.576171286,2025-09-04,,,"2026-05-29 (batch, via supplement pool)"
CLI.C.577135129,2025-09-02,70,789,2026-06-17 (supplement)
CLI.C.565362876,2025-09-01,,,2026-06-17 (supplement)
CLI.C.576726446,2025-09-01,,,2026-06-17 (supplement)
CLI.C.577020839,2025-09-01,,,2026-06-17 (supplement)
CLI.C.576052797,2025-08-31,,,2026-06-17 (supplement)
CLI.C.573851230,2025-08-30,,,2026-05-29 (batch 1–500)
CLI.C.575611029,2025-08-30,,,2026-05-29 (batch 1–500)
CLI.C.576568348,2025-08-28,,,2026-05-29 (batch 1–500)
CLI.C.577184551,2025-08-28,70,632,2026-06-17 (supplement)
CLI.C.575637231,2025-08-27,70,705,2026-05-29 (batch 1–500)
CLI.C.574130573,2025-08-25,,,2026-05-29 (batch 1–500)
CLI.C.574802777,2025-08-25,70,678,2026-05-29 (batch 1–500)
CLI.C.569309359,2025-08-21,,,2026-06-17 (supplement)
CLI.C.574203768,2025-08-21,,,2026-05-29 (batch 501–1000)
CLI.C.574899561,2025-08-21,,,2026-05-29 (batch 1–500)
CLI.C.568919936,2025-08-19,,,2026-05-29 (batch 501–1000)
CLI.C.575881732,2025-08-19,,,2026-05-29 (batch 1–500)
CLI.C.574975437,2025-08-18,,,2026-05-29 (batch 1–500)
CLI.C.576034216,2025-08-18,,,"2026-05-29 (batch, via supplement pool)"
CLI.C.576245505,2025-08-18,,,"2026-05-29 (batch, via supplement pool)"
CLI.C.576421742,2025-08-18,,,"2026-05-29 (batch, via supplement pool)"
CLI.C.565907377,2025-08-17,,,2026-05-29 (batch 501–1000)
CLI.C.576739806,2025-08-16,,,2026-06-17 (supplement)
CLI.C.573986531,2025-08-15,,,2026-05-29 (batch 1–500)
CLI.C.569050259,2025-08-11,,,2026-05-29 (batch 1–500)
CLI.C.573365612,2025-08-11,,,2026-05-29 (batch 1–500)
CLI.C.576564108,2025-08-11,,,2026-05-29 (batch 1–500)
CLI.C.569649260,2025-08-10,,,2026-05-29 (batch 501–1000)
CLI.C.568942182,2025-08-09,,,2026-05-29 (batch 501–1000)
CLI.C.573861783,2025-08-09,,,2026-05-29 (batch 501–1000)
CLI.C.573551757,2025-08-08,,,2026-05-29 (batch 501–1000)
CLI.C.576248529,2025-08-08,,,2026-06-17 (supplement)
CLI.C.576331098,2025-08-08,,,2026-05-29 (batch 501–1000)
CLI.C.576548597,2025-08-07,,,2026-05-29 (batch 1–500)
CLI.C.573361842,2025-08-06,,,2026-05-29 (batch 501–1000)
CLI.C.576357574,2025-08-05,,,2026-06-17 (supplement)
CLI.C.572829611,2025-08-04,,,2026-05-29 (batch 1–500)
CLI.C.575959032,2025-08-04,,,2026-05-29 (batch 1–500)
CLI.C.576443804,2025-08-04,,,"2026-05-29 (batch, via supplement pool)"
CLI.C.573473960,2025-08-03,,,2026-05-29 (batch 501–1000)
CLI.C.576204810,2025-08-03,,,2026-06-17 (supplement)
CLI.C.576496433,2025-08-03,,,2026-05-29 (batch 1–500)
CLI.C.565079584,2025-07-31,,,2026-06-17 (supplement)
CLI.C.577055713,2025-07-31,,,2026-06-17 (supplement)
CLI.C.574978285,2025-07-30,,,2026-05-29 (batch 1–500)
CLI.C.575680471,2025-07-29,,,2026-05-29 (batch 1–500)
CLI.C.576334505,2025-07-29,,,2026-05-29 (batch 1–500)
CLI.C.577184789,2025-07-29,,,2026-06-17 (supplement)
CLI.C.573410817,2025-07-28,,,2026-05-29 (batch 1–500)
CLI.C.576140591,2025-07-28,,,"2026-05-29 (batch, via supplement pool)"
CLI.C.576510758,2025-07-28,,,2026-06-17 (supplement)
CLI.C.576429767,2025-07-27,70,730,2026-05-29 (batch 1–500)
CLI.C.577068415,2025-07-26,,,2026-06-17 (supplement)
CLI.C.569698820,2025-07-25,,,2026-05-29 (batch 501–1000)
CLI.C.577141089,2025-07-25,,,2026-06-17 (supplement)
CLI.C.573980528,2025-07-24,30,637,2026-05-29 (batch 1–500)
CLI.C.576215373,2025-07-23,,,2026-05-29 (batch 1–500)
CLI.C.573064305,2025-07-22,,,2026-05-29 (batch 501–1000)
CLI.C.574518592,2025-07-22,,,2026-05-29 (batch 501–1000)
CLI.C.575602601,2025-07-22,,,2026-05-29 (batch 1–500)
CLI.C.577168716,2025-07-21,,,2026-06-17 (supplement)
CLI.C.572979962,2025-07-18,,,2026-05-29 (batch 501–1000)
CLI.C.573564680,2025-07-18,,,2026-05-29 (batch 501–1000)
CLI.C.576687562,2025-07-18,,,2026-06-17 (supplement)
CLI.C.565714017,2025-07-17,,,2026-06-17 (supplement)
CLI.C.576177933,2025-07-17,,,2026-06-17 (supplement)
CLI.C.576224722,2025-07-17,,,2026-06-17 (supplement)
CLI.C.563786398,2025-07-16,,,2026-06-17 (supplement)
CLI.C.576485669,2025-07-16,,,"2026-05-29 (batch, via supplement pool)"
CLI.C.576782891,2025-07-16,70,778,2026-06-17 (supplement)
CLI.C.564698633,2025-07-15,,,2026-06-17 (supplement)
CLI.C.575038846,2025-07-15,,,2026-05-29 (batch 1–500)
CLI.C.575431886,2025-07-14,,,2026-05-29 (batch 1–500)
CLI.C.569076407,2025-07-11,,,2026-05-29 (batch 501–1000)
CLI.C.576514455,2025-07-11,,,2026-05-29 (batch 1–500)
CLI.C.569609140,2025-07-10,,,2026-05-29 (batch 1–500)
CLI.C.573395662,2025-07-10,,,2026-05-29 (batch 501–1000)
CLI.C.575363158,2025-07-10,,,2026-05-29 (batch 1–500)
CLI.C.575839680,2025-07-10,,,2026-05-29 (batch 1–500)
CLI.C.576109270,2025-07-10,,,2026-05-29 (batch 1–500)
CLI.C.576138153,2025-07-10,,,2026-05-29 (batch 1–500)
CLI.C.565210299,2025-07-09,,,2026-06-17 (supplement)
CLI.C.569492085,2025-07-09,,,2026-05-29 (batch 1–500)
CLI.C.564701689,2025-07-06,,,2026-06-17 (supplement)
CLI.C.569298044,2025-07-05,,,2026-05-29 (batch 1–500)
CLI.C.574123445,2025-07-05,30,671,2026-05-29 (batch 1–500)
CLI.C.575535549,2025-07-05,,,2026-05-29 (batch 1–500)
CLI.C.565580344,2025-07-04,,,2026-06-17 (supplement)
CLI.C.569167461,2025-07-04,,,2026-05-29 (batch 1–500)
CLI.C.574655575,2025-07-04,30,658,2026-05-29 (batch 1–500)
CLI.C.575511613,2025-07-03,,,2026-05-29 (batch 1–500)
CLI.C.576048474,2025-07-03,,,"2026-05-29 (batch, via supplement pool)"
CLI.C.575669048,2025-07-01,,,2026-05-29 (batch 1–500)
CLI.C.565362407,2025-06-30,,,2026-06-17 (supplement)
CLI.C.569021145,2025-06-30,,,2026-05-29 (batch 1–500)
CLI.C.573319639,2025-06-30,,,2026-05-29 (batch 1–500)
CLI.C.573500303,2025-06-30,,,2026-05-29 (batch 1–500)
CLI.C.574504496,2025-06-30,,,2026-05-29 (batch 1–500)
CLI.C.573279978,2025-06-29,,,2026-05-29 (batch 1–500)
CLI.C.574843956,2025-06-29,,,2026-05-29 (batch 1–500)
CLI.C.575941415,2025-06-29,,,2026-05-29 (batch 1–500)
CLI.C.576545381,2025-06-27,,,2026-05-29 (batch 1–500)
CLI.C.577236817,2025-06-27,,,2026-06-17 (supplement)
CLI.C.567791001,2025-06-26,,,2026-05-29 (batch 1–500)
CLI.C.573971973,2025-06-26,,,2026-06-17 (supplement)
CLI.C.569297261,2025-06-25,,,2026-05-29 (batch 501–1000)
CLI.C.574062926,2025-06-25,,,2026-05-29 (batch 501–1000)
CLI.C.564155651,2025-06-24,,,2026-06-17 (supplement)
CLI.C.567796495,2025-06-24,,,2026-05-29 (batch 501–1000)
CLI.C.569130001,2025-06-24,,,2026-05-29 (batch 501–1000)
CLI.C.569282207,2025-06-24,,,2026-05-29 (batch 1–500)
CLI.C.573479824,2025-06-24,,,2026-05-29 (batch 1–500)
CLI.C.574775528,2025-06-24,,,2026-06-17 (supplement)
CLI.C.577026879,2025-06-24,,,2026-06-17 (supplement)
CLI.C.574437533,2025-06-23,,,2026-05-29 (batch 1–500)
CLI.C.574748189,2025-06-23,,,2026-05-29 (batch 1–500)
CLI.C.573160611,2025-06-22,,,2026-05-29 (batch 501–1000)
CLI.C.573340954,2025-06-21,,,2026-05-29 (batch 1–500)
CLI.C.576236093,2025-06-21,,,2026-06-17 (supplement)
CLI.C.573278799,2025-06-20,,,2026-05-29 (batch 1–500)
CLI.C.573970294,2025-06-20,,,2026-06-17 (supplement)
CLI.C.573030665,2025-06-19,,,2026-05-29 (batch 1–500)
CLI.C.573481007,2025-06-18,,,2026-05-29 (batch 1–500)
CLI.C.574502602,2025-06-18,30,673,2026-05-29 (batch 1–500)
CLI.C.576427501,2025-06-18,,,2026-06-17 (supplement)
CLI.C.577234344,2025-06-18,,,2026-06-17 (supplement)
CLI.C.574649958,2025-06-17,,,2026-05-29 (batch 1–500)
CLI.C.567438786,2025-06-16,,,2026-06-17 (supplement)
CLI.C.573121524,2025-06-15,,,2026-05-29 (batch 1–500)
CLI.C.575572296,2025-06-14,,,2026-05-29 (batch 1–500)
CLI.C.572968340,2025-06-13,,,2026-05-29 (batch 1–500)
CLI.C.565524967,2025-06-12,,,2026-06-17 (supplement)
CLI.C.566474673,2025-06-12,,,2026-05-29 (batch 1–500)
CLI.C.573503630,2025-06-12,30,645,2026-05-29 (batch 1–500)
CLI.C.573564276,2025-06-12,,,2026-05-29 (batch 1–500)
CLI.C.577036993,2025-06-12,,,2026-06-17 (supplement)
CLI.C.577079179,2025-06-12,,,2026-06-17 (supplement)
CLI.C.574510125,2025-06-11,,,2026-05-29 (batch 1–500)
CLI.C.574710752,2025-06-11,,,2026-05-29 (batch 1–500)
CLI.C.573109341,2025-06-10,,,2026-06-17 (supplement)
CLI.C.569064685,2025-06-09,70,679,2026-06-17 (supplement)
CLI.C.573189371,2025-06-08,,,2026-05-29 (batch 1–500)
CLI.C.573173138,2025-06-06,,,2026-05-29 (batch 501–1000)
CLI.C.574206323,2025-06-06,,,2026-05-29 (batch 1–500)
CLI.C.574332938,2025-06-06,,,2026-05-29 (batch 1–500)
CLI.C.574945174,2025-06-06,,,2026-05-29 (batch 1–500)
CLI.C.575908777,2025-06-06,,,2026-05-29 (batch 1–500)
CLI.C.564155481,2025-06-05,,,2026-06-17 (supplement)
CLI.C.565840563,2025-06-04,,,2026-06-17 (supplement)
CLI.C.574923036,2025-06-04,,,2026-05-29 (batch 1–500)
CLI.C.568695248,2025-06-03,70,696,2026-06-17 (supplement)
CLI.C.569291449,2025-06-03,,,2026-05-29 (batch 1–500)
CLI.C.576174944,2025-06-03,,,2026-06-17 (supplement)
CLI.C.576513817,2025-06-03,,,2026-05-29 (batch 1–500)
CLI.C.568408423,2025-06-02,,,2026-06-17 (supplement)
CLI.C.573323699,2025-06-02,,,2026-05-29 (batch 1–500)
CLI.C.576034359,2025-06-01,,,"2026-05-29 (batch, via supplement pool)"
CLI.C.577127040,2025-05-30,,,2026-06-17 (supplement)
CLI.C.576292135,2025-05-29,,,"2026-05-29 (batch, via supplement pool)"
CLI.C.568836881,2025-05-28,,,2026-06-17 (supplement)
CLI.C.569696218,2025-05-27,,,2026-05-29 (batch 1–500)
CLI.C.573421931,2025-05-27,,,2026-05-29 (batch 1–500)
CLI.C.574899464,2025-05-27,,,2026-05-29 (batch 1–500)
CLI.C.565607304,2025-05-26,,,2026-06-17 (supplement)
CLI.C.572925186,2025-05-26,,,2026-05-29 (batch 1–500)
CLI.C.573347709,2025-05-26,70,887,2026-05-29 (batch 1–500)
CLI.C.574644319,2025-05-26,,,2026-05-29 (batch 501–1000)
CLI.C.574667592,2025-05-26,,,2026-06-17 (supplement)
CLI.C.574755854,2025-05-26,,,2026-06-17 (supplement)
CLI.C.574145274,2025-05-25,,,2026-05-29 (batch 501–1000)
CLI.C.574130618,2025-05-23,,,2026-05-29 (batch 1–500)
CLI.C.574683165,2025-05-23,,,2026-05-29 (batch 1–500)
CLI.C.575005415,2025-05-22,,,"2026-05-29 (batch, via supplement pool)"
CLI.C.574659943,2025-05-21,,,2026-05-29 (batch 1–500)
CLI.C.576491576,2025-05-21,,,2026-06-17 (supplement)
CLI.C.575280506,2025-05-20,,,2026-05-29 (batch 1–500)
CLI.C.574526268,2025-05-19,,,2026-05-29 (batch 501–1000)
CLI.C.569302802,2025-05-18,30,640,2026-05-29 (batch 1–500)
CLI.C.574820922,2025-05-18,,,2026-05-29 (batch 1–500)
CLI.C.574828493,2025-05-18,30,614,2026-05-29 (batch 1–500)
CLI.C.574921347,2025-05-17,70,783,2026-05-29 (batch 1–500)
CLI.C.569050290,2025-05-16,,,2026-05-29 (batch 501–1000)
CLI.C.573028771,2025-05-16,,,2026-05-29 (batch 1–500)
CLI.C.574336159,2025-05-16,,,2026-05-29 (batch 1–500)
CLI.C.574665993,2025-05-16,,,2026-05-29 (batch 1–500)
CLI.C.575987563,2025-05-16,70,643,2026-05-29 (batch 1–500)
CLI.C.576904792,2025-05-16,,,2026-06-17 (supplement)
CLI.C.576567375,2025-05-13,,,2026-06-17 (supplement)
CLI.C.574548576,2025-05-12,,,2026-05-29 (batch 1–500)
CLI.C.574054201,2025-05-11,,,2026-05-29 (batch 1–500)
CLI.C.574091188,2025-05-11,,,2026-05-29 (batch 1–500)
CLI.C.574916504,2025-05-11,,,2026-05-29 (batch 1–500)
CLI.C.574524597,2025-05-09,,,2026-05-29 (batch 1–500)
CLI.C.574983975,2025-05-09,,,2026-06-17 (supplement)
CLI.C.572834350,2025-05-08,,,2026-06-17 (supplement)
CLI.C.573043175,2025-05-08,,,2026-05-29 (batch 1–500)
CLI.C.574649432,2025-05-08,,,2026-06-17 (supplement)
CLI.C.564146422,2025-05-06,,,2026-06-17 (supplement)
CLI.C.569318641,2025-05-06,,,2026-05-29 (batch 1–500)
CLI.C.573343634,2025-05-06,,,2026-05-29 (batch 1–500)
CLI.C.574499977,2025-05-06,,,2026-05-29 (batch 501–1000)
CLI.C.575325734,2025-05-06,30,646,2026-05-29 (batch 1–500)
CLI.C.574753575,2025-05-05,,,2026-05-29 (batch 1–500)
CLI.C.574929218,2025-05-04,,,2026-05-29 (batch 1–500)
CLI.C.575163710,2025-05-04,,,2026-05-29 (batch 1–500)
CLI.C.576555281,2025-05-04,,,2026-06-17 (supplement)
CLI.C.577043393,2025-05-04,,,2026-06-17 (supplement)
CLI.C.568710864,2025-05-01,,,2026-06-17 (supplement)
CLI.C.575385133,2025-05-01,,,2026-05-29 (batch 1–500)
CLI.C.565540914,2025-04-30,,,2026-06-17 (supplement)
CLI.C.575845653,2025-04-29,,,2026-05-29 (batch 1–500)
CLI.C.577053523,2025-04-29,,,2026-06-17 (supplement)
CLI.C.564221813,2025-04-28,,,2026-06-17 (supplement)
CLI.C.566014399,2025-04-28,,,2026-06-17 (supplement)
CLI.C.576028004,2025-04-28,,,2026-05-29 (batch 1–500)
CLI.C.567796523,2025-04-27,,,2026-05-29 (batch 1–500)
CLI.C.572922948,2025-04-27,,,2026-05-29 (batch 1–500)
CLI.C.574647335,2025-04-26,,,2026-06-17 (supplement)
CLI.C.565221477,2025-04-25,,,2026-06-17 (supplement)
CLI.C.568133276,2025-04-25,,,2026-05-29 (batch 1–500)
CLI.C.573098379,2025-04-25,,,2026-06-17 (supplement)
CLI.C.568995918,2025-04-24,,,2026-05-29 (batch 1–500)
CLI.C.575116474,2025-04-24,,,2026-05-29 (batch 1–500)
CLI.C.575193606,2025-04-24,70,669,2026-05-29 (batch 1–500)
CLI.C.565288125,2025-04-23,,,2026-06-17 (supplement)
CLI.C.565608223,2025-04-23,,,2026-06-17 (supplement)
CLI.C.573340187,2025-04-23,,,2026-05-29 (batch 1–500)
CLI.C.574760709,2025-04-23,,,2026-05-29 (batch 1–500)
CLI.C.577003799,2025-04-23,,,2026-06-17 (supplement)
CLI.C.577023852,2025-04-23,,,2026-06-17 (supplement)
CLI.C.566903757,2025-04-22,,,2026-05-29 (batch 1–500)
CLI.C.567666505,2025-04-22,,,2026-06-17 (supplement)
CLI.C.575582360,2025-04-22,,,"2026-05-29 (batch, via supplement pool)"
CLI.C.573415183,2025-04-21,,,2026-05-29 (batch 1–500)
CLI.C.574288279,2025-04-21,,,"2026-05-29 (batch, via supplement pool)"
CLI.C.575409387,2025-04-21,,,2026-05-29 (batch 1–500)
CLI.C.574537225,2025-04-20,,,2026-05-29 (batch 1–500)
CLI.C.574549492,2025-04-20,,,2026-05-29 (batch 501–1000)
CLI.C.569637014,2025-04-19,,,2026-05-29 (batch 1–500)
CLI.C.565671429,2025-04-17,,,2026-06-17 (supplement)
CLI.C.568712310,2025-04-17,,,2026-05-29 (batch 501–1000)
CLI.C.573547836,2025-04-17,,,2026-06-17 (supplement)
CLI.C.574898723,2025-04-17,,,2026-06-17 (supplement)
CLI.C.575055273,2025-04-17,,,2026-05-29 (batch 501–1000)
CLI.C.573964927,2025-04-16,,,2026-05-29 (batch 1–500)
CLI.C.574213042,2025-04-16,,,2026-05-29 (batch 1–500)
CLI.C.577073455,2025-04-16,,,2026-06-17 (supplement)
CLI.C.565927847,2025-04-14,70,855,2026-05-29 (batch 1–500)
CLI.C.576435417,2025-04-14,,,"2026-05-29 (batch, via supplement pool)"
CLI.C.575829437,2025-04-13,,,2026-05-29 (batch 1–500)
CLI.C.573282205,2025-04-12,,,2026-05-29 (batch 501–1000)
CLI.C.569287629,2025-04-11,,,2026-05-29 (batch 1–500)
CLI.C.574724055,2025-04-11,,,2026-05-29 (batch 1–500)
CLI.C.575120030,2025-04-11,,,2026-05-29 (batch 1–500)
CLI.C.573074237,2025-04-10,,,2026-05-29 (batch 501–1000)
CLI.C.574130617,2025-04-10,,,2026-05-29 (batch 1–500)
CLI.C.574908499,2025-04-10,,,2026-05-29 (batch 1–500)
CLI.C.574121540,2025-04-09,,,2026-05-29 (batch 1–500)
CLI.C.576454708,2025-04-09,,,2026-05-29 (batch 1–500)
CLI.C.577065951,2025-04-09,,,2026-06-17 (supplement)
CLI.C.565332064,2025-04-08,,,2026-06-17 (supplement)
CLI.C.573516319,2025-04-08,,,2026-05-29 (batch 1–500)
CLI.C.576429349,2025-04-08,,,2026-06-17 (supplement)
CLI.C.568802983,2025-04-07,,,2026-05-29 (batch 1–500)
CLI.C.577016171,2025-04-06,,,2026-06-17 (supplement)
CLI.C.577199344,2025-04-06,,,2026-06-17 (supplement)
CLI.C.568438168,2025-04-04,,,2026-05-29 (batch 501–1000)
CLI.C.573194261,2025-04-03,,,2026-05-29 (batch 1–500)
CLI.C.574747552,2025-04-03,,,2026-05-29 (batch 501–1000)
CLI.C.568988261,2025-04-02,,,2026-05-29 (batch 501–1000)
CLI.C.573407267,2025-04-02,70,712,2026-05-29 (batch 1–500)
CLI.C.574805937,2025-04-01,,,2026-05-29 (batch 1–500)
CLI.C.575986878,2025-04-01,,,2026-05-29 (batch 1–500)
CLI.C.576777139,2025-04-01,,,2026-06-17 (supplement)
CLI.C.568922908,2025-03-31,30,641,2026-05-29 (batch 1–500)
CLI.C.574439475,2025-03-31,,,2026-05-29 (batch 501–1000)
CLI.C.575410310,2025-03-31,,,2026-05-29 (batch 1–500)
CLI.C.568713237,2025-03-30,,,2026-06-17 (supplement)
CLI.C.574094640,2025-03-29,,,2026-05-29 (batch 501–1000)
CLI.C.575904065,2025-03-29,,,2026-05-29 (batch 1–500)
CLI.C.576868521,2025-03-29,,,2026-06-17 (supplement)
CLI.C.568716054,2025-03-28,70,617,2026-06-17 (supplement)
CLI.C.576560077,2025-03-28,30,703,2026-05-29 (batch 1–500)
CLI.C.565859735,2025-03-27,,,2026-06-17 (supplement)
CLI.C.572963340,2025-03-27,,,2026-06-17 (supplement)
CLI.C.573115616,2025-03-27,,,2026-05-29 (batch 501–1000)
CLI.C.573443120,2025-03-27,,,2026-06-17 (supplement)
CLI.C.574706132,2025-03-27,,,2026-05-29 (batch 501–1000)
CLI.C.576471225,2025-03-27,70,664,2026-05-29 (batch 1–500)
CLI.C.577003041,2025-03-27,,,2026-06-17 (supplement)
CLI.C.565407849,2025-03-26,,,2026-06-17 (supplement)
CLI.C.568924702,2025-03-26,,,2026-05-29 (batch 1–500)
CLI.C.573466045,2025-03-26,70,677,2026-05-29 (batch 1–500)
CLI.C.574794089,2025-03-26,70,763,2026-06-17 (supplement)
CLI.C.574806240,2025-03-26,,,2026-06-17 (supplement)
CLI.C.575117613,2025-03-26,,,2026-05-29 (batch 1–500)
CLI.C.566118758,2025-03-25,,,2026-06-17 (supplement)
CLI.C.569318112,2025-03-25,,,2026-05-29 (batch 1–500)
CLI.C.573317093,2025-03-25,,,2026-05-29 (batch 501–1000)
CLI.C.574728630,2025-03-25,,,2026-05-29 (batch 1–500)
CLI.C.565434693,2025-03-24,,,2026-06-17 (supplement)
CLI.C.575971448,2025-03-24,,,2026-05-29 (batch 501–1000)
CLI.C.575667948,2025-03-23,70,638,2026-05-29 (batch 1–500)
CLI.C.574199031,2025-03-22,,,2026-05-29 (batch 1–500)
CLI.C.573967612,2025-03-21,,,"2026-05-29 (batch, via supplement pool)"
CLI.C.573027644,2025-03-20,,,2026-05-29 (batch 1–500)
CLI.C.573342217,2025-03-20,,,2026-06-17 (supplement)
CLI.C.573501611,2025-03-20,,,2026-05-29 (batch 501–1000)
CLI.C.575042834,2025-03-20,,,2026-06-17 (supplement)
CLI.C.563951101,2025-03-19,70,650,2026-06-17 (supplement)
CLI.C.564700397,2025-03-19,,,2026-06-17 (supplement)
CLI.C.564814607,2025-03-19,70,612,2026-06-17 (supplement)
CLI.C.574953789,2025-03-19,,,2026-05-29 (batch 1–500)
CLI.C.576555562,2025-03-19,70,769,2026-05-29 (batch 1–500)
CLI.C.568769130,2025-03-18,,,2026-06-17 (supplement)
CLI.C.573974521,2025-03-18,,,2026-05-29 (batch 501–1000)
CLI.C.569296432,2025-03-17,,,2026-05-29 (batch 501–1000)
CLI.C.573502201,2025-03-17,,,"2026-05-29 (batch, via supplement pool)"
CLI.C.574016383,2025-03-17,,,2026-05-29 (batch 1–500)
CLI.C.574548455,2025-03-17,,,2026-06-17 (supplement)
CLI.C.574557652,2025-03-17,,,2026-05-29 (batch 1–500)
CLI.C.576104806,2025-03-16,,,2026-06-17 (supplement)
CLI.C.575194777,2025-03-15,30,626,2026-05-29 (batch 1–500)
CLI.C.576281975,2025-03-15,,,2026-05-29 (batch 1–500)
CLI.C.564874492,2025-03-14,,,2026-06-17 (supplement)
CLI.C.565030309,2025-03-14,70,741,2026-06-17 (supplement)
CLI.C.576782047,2025-03-13,70,605,2026-06-17 (supplement)
CLI.C.577099144,2025-03-13,,,2026-06-17 (supplement)
CLI.C.573559988,2025-03-12,,,2026-05-29 (batch 1–500)
CLI.C.574009199,2025-03-12,,,2026-05-29 (batch 1–500)
CLI.C.577080926,2025-03-12,,,2026-06-17 (supplement)
CLI.C.573414935,2025-03-11,,,2026-05-29 (batch 1–500)
CLI.C.576423655,2025-03-11,,,2026-05-29 (batch 1–500)
CLI.C.573553817,2025-03-07,,,2026-06-17 (supplement)
CLI.C.574529087,2025-03-07,,,2026-05-29 (batch 1–500)
CLI.C.575562581,2025-03-07,70,683,2026-05-29 (batch 1–500)
CLI.C.563928300,2025-03-06,,,2026-06-17 (supplement)
CLI.C.574789722,2025-03-05,,,2026-05-29 (batch 1–500)
CLI.C.576731863,2025-03-05,,,2026-06-17 (supplement)
CLI.C.569248666,2025-03-04,70,655,2026-05-29 (batch 1–500)
CLI.C.572964679,2025-03-04,,,2026-05-29 (batch 501–1000)
CLI.C.576327377,2025-03-04,,,2026-05-29 (batch 1–500)
CLI.C.572833533,2025-03-03,70,603,2026-05-29 (batch 1–500)
CLI.C.574142655,2025-03-03,,,2026-06-17 (supplement)
CLI.C.574500921,2025-03-03,,,2026-05-29 (batch 1–500)
CLI.C.572816424,2025-03-02,,,2026-06-17 (supplement)
CLI.C.577102773,2025-03-01,,,2026-06-17 (supplement)
CLI.C.574062348,2025-02-28,,,2026-05-29 (batch 1–500)
CLI.C.574547745,2025-02-28,,,2026-05-29 (batch 501–1000)
CLI.C.574128310,2025-02-27,,,2026-05-29 (batch 1–500)
CLI.C.573128296,2025-02-26,,,2026-05-29 (batch 1–500)
CLI.C.564871096,2025-02-25,,,2026-06-17 (supplement)
CLI.C.564943497,2025-02-25,,,2026-06-17 (supplement)
CLI.C.574512224,2025-02-25,,,2026-06-17 (supplement)
CLI.C.564940362,2025-02-24,,,2026-06-17 (supplement)
CLI.C.573936772,2025-02-24,,,2026-05-29 (batch 1–500)
CLI.C.573116629,2025-02-22,,,2026-06-17 (supplement)
CLI.C.576361881,2025-02-22,,,2026-05-29 (batch 1–500)
CLI.C.564730975,2025-02-21,,,2026-06-17 (supplement)
CLI.C.565292371,2025-02-21,,,2026-06-17 (supplement)
CLI.C.573732498,2025-02-21,30,656,2026-05-29 (batch 1–500)
CLI.C.575991629,2025-02-21,,,2026-05-29 (batch 501–1000)
CLI.C.574329173,2025-02-20,,,2026-05-29 (batch 1–500)
CLI.C.574899330,2025-02-20,,,2026-05-29 (batch 1–500)
CLI.C.577138884,2025-02-20,,,2026-06-17 (supplement)
CLI.C.564875303,2025-02-19,,,2026-06-17 (supplement)
CLI.C.573109719,2025-02-19,,,2026-05-29 (batch 501–1000)
CLI.C.573324394,2025-02-18,,,2026-05-29 (batch 1–500)
CLI.C.564403820,2025-02-17,,,2026-06-17 (supplement)
CLI.C.569294291,2025-02-17,70,689,2026-06-17 (supplement)
CLI.C.573978244,2025-02-17,,,2026-05-29 (batch 501–1000)
CLI.C.575565221,2025-02-17,,,2026-05-29 (batch 1–500)
CLI.C.576132332,2025-02-17,,,2026-05-29 (batch 501–1000)
CLI.C.577030500,2025-02-15,,,2026-06-17 (supplement)
CLI.C.574698691,2025-02-14,,,2026-05-29 (batch 501–1000)
CLI.C.575048370,2025-02-14,,,2026-05-29 (batch 1–500)
CLI.C.566794321,2025-02-13,,,2026-05-29 (batch 1–500)
CLI.C.569164142,2025-02-13,,,2026-05-29 (batch 501–1000)
CLI.C.573851029,2025-02-13,,,2026-05-29 (batch 1–500)
CLI.C.574129255,2025-02-13,,,2026-05-29 (batch 1–500)
CLI.C.574444868,2025-02-13,,,2026-06-17 (supplement)
CLI.C.574222288,2025-02-12,,,2026-05-29 (batch 1–500)
CLI.C.574817853,2025-02-11,,,2026-06-17 (supplement)
CLI.C.576337776,2025-02-11,,,2026-06-17 (supplement)
CLI.C.564848495,2025-02-10,,,2026-06-17 (supplement)
CLI.C.574559092,2025-02-10,,,2026-05-29 (batch 501–1000)
CLI.C.574808522,2025-02-10,,,2026-05-29 (batch 501–1000)
CLI.C.568708555,2025-02-08,,,2026-05-29 (batch 501–1000)
CLI.C.573092679,2025-02-08,,,2026-06-17 (supplement)
CLI.C.568922315,2025-02-07,,,2026-05-29 (batch 501–1000)
CLI.C.567124137,2025-02-06,,,2026-05-29 (batch 1–500)
CLI.C.573160732,2025-02-06,70,610,2026-05-29 (batch 1–500)
CLI.C.573344395,2025-02-06,,,2026-05-29 (batch 1–500)
CLI.C.573360025,2025-02-06,70,704,2026-06-17 (supplement)
CLI.C.576496562,2025-02-06,,,2026-05-29 (batch 1–500)
CLI.C.565409605,2025-02-05,,,2026-06-17 (supplement)
CLI.C.569479298,2025-02-05,,,2026-05-29 (batch 1–500)
CLI.C.576422478,2025-02-05,,,"2026-05-29 (batch, via supplement pool)"
CLI.C.574742724,2025-02-03,,,2026-05-29 (batch 1–500)
CLI.C.564971730,2025-02-02,,,2026-06-17 (supplement)
CLI.C.573703201,2025-02-02,,,2026-05-29 (batch 1–500)
CLI.C.575723370,2025-02-02,,,2026-05-29 (batch 1–500)
CLI.C.576743163,2025-01-31,,,2026-06-17 (supplement)
CLI.C.573541771,2025-01-30,,,2026-06-17 (supplement)
CLI.C.573449202,2025-01-29,,,2026-05-29 (batch 1–500)
CLI.C.569495690,2025-01-27,,,2026-05-29 (batch 1–500)
CLI.C.574807856,2025-01-27,,,2026-05-29 (batch 1–500)
CLI.C.564242078,2025-01-26,,,2026-06-17 (supplement)
CLI.C.574548321,2025-01-26,,,2026-05-29 (batch 1–500)
CLI.C.574760093,2025-01-26,,,2026-06-17 (supplement)
CLI.C.575865762,2025-01-26,,,2026-05-29 (batch 1–500)
CLI.C.573459776,2025-01-25,,,2026-05-29 (batch 1–500)
CLI.C.573620113,2025-01-25,,,2026-05-29 (batch 501–1000)
CLI.C.576512520,2025-01-25,,,2026-05-29 (batch 1–500)
CLI.C.565866288,2025-01-24,,,2026-06-17 (supplement)
CLI.C.574094644,2025-01-24,,,2026-06-17 (supplement)
CLI.C.569644651,2025-01-23,,,2026-05-29 (batch 1–500)
CLI.C.575305496,2025-01-22,,,2026-05-29 (batch 501–1000)
CLI.C.573346800,2025-01-21,,,"2026-05-29 (batch, via supplement pool)"
CLI.C.573501111,2025-01-21,,,2026-05-29 (batch 501–1000)
CLI.C.574665553,2025-01-21,,,2026-06-17 (supplement)
CLI.C.569675178,2025-01-20,,,2026-05-29 (batch 1–500)
CLI.C.573489906,2025-01-20,,,2026-05-29 (batch 501–1000)
CLI.C.575633063,2025-01-20,,,2026-05-29 (batch 1–500)
CLI.C.574551458,2025-01-19,,,2026-05-29 (batch 1–500)
CLI.C.574764311,2025-01-19,,,2026-05-29 (batch 1–500)
CLI.C.574809952,2025-01-17,,,2026-06-17 (supplement)
CLI.C.574940557,2025-01-17,,,2026-06-17 (supplement)
CLI.C.574917325,2025-01-16,,,2026-05-29 (batch 1–500)
CLI.C.576481184,2025-01-16,,,2026-06-17 (supplement)
CLI.C.565686114,2025-01-15,,,2026-06-17 (supplement)
CLI.C.573117038,2025-01-15,,,2026-05-29 (batch 1–500)
CLI.C.574105461,2025-01-15,,,2026-05-29 (batch 1–500)
CLI.C.569078016,2025-01-14,,,2026-05-29 (batch 501–1000)
CLI.C.569541448,2025-01-13,,,2026-05-29 (batch 1–500)
CLI.C.574328375,2025-01-13,70,770,2026-05-29 (batch 1–500)
CLI.C.574659842,2025-01-13,,,2026-05-29 (batch 1–500)
CLI.C.575452503,2025-01-13,,,2026-05-29 (batch 1–500)
CLI.C.576034559,2025-01-13,,,2026-05-29 (batch 1–500)
CLI.C.565165687,2025-01-12,,,2026-06-17 (supplement)
CLI.C.573343624,2025-01-12,,,2026-05-29 (batch 1–500)
CLI.C.576319996,2025-01-11,,,2026-05-29 (batch 1–500)
CLI.C.573042155,2025-01-09,,,2026-05-29 (batch 501–1000)
CLI.C.568947493,2025-01-08,,,2026-06-17 (supplement)
CLI.C.574839581,2025-01-08,,,2026-05-29 (batch 1–500)
CLI.C.565030149,2025-01-07,,,2026-06-17 (supplement)
CLI.C.565208008,2025-01-07,,,2026-06-17 (supplement)
CLI.C.565219920,2025-01-07,,,2026-06-17 (supplement)
CLI.C.573723882,2025-01-07,,,2026-06-17 (supplement)
CLI.C.574049349,2025-01-07,,,2026-06-17 (supplement)
CLI.C.575842145,2025-01-07,70,732,2026-05-29 (batch 1–500)
CLI.C.564273151,2025-01-06,,,2026-06-17 (supplement)
CLI.C.568751011,2025-01-06,,,2026-05-29 (batch 1–500)
CLI.C.573297647,2025-01-06,,,2026-05-29 (batch 1–500)
CLI.C.574048466,2025-01-06,,,2026-05-29 (batch 1–500)
CLI.C.574100405,2025-01-06,,,2026-05-29 (batch 1–500)
CLI.C.575981561,2025-01-06,,,2026-05-29 (batch 1–500)
CLI.C.573482743,2025-01-04,,,2026-06-17 (supplement)
CLI.C.564937145,2025-01-03,,,2026-06-17 (supplement)
CLI.C.573160144,2025-01-03,,,2026-05-29 (batch 501–1000)
CLI.C.575959799,2025-01-03,,,2026-06-17 (supplement)
CLI.C.576224918,2025-01-01,,,2026-05-29 (batch 1–500)
CLI.C.567336490,2024-12-31,,,2026-05-29 (batch 501–1000)
CLI.C.573267685,2024-12-31,,,2026-05-29 (batch 501–1000)
CLI.C.573713451,2024-12-31,,,2026-05-29 (batch 501–1000)
CLI.C.574528636,2024-12-31,,,2026-05-29 (batch 1–500)
CLI.C.575032593,2024-12-31,,,2026-05-29 (batch 501–1000)
CLI.C.573084872,2024-12-29,,,2026-05-29 (batch 501–1000)
CLI.C.574698039,2024-12-29,70,793,2026-06-17 (supplement)
CLI.C.574889926,2024-12-28,,,2026-05-29 (batch 1–500)
CLI.C.573345736,2024-12-27,70,652,2026-06-17 (supplement)
CLI.C.565533970,2024-12-25,,,2026-06-17 (supplement)
CLI.C.568689026,2024-12-25,,,2026-05-29 (batch 1–500)
CLI.C.573319580,2024-12-25,,,2026-05-29 (batch 501–1000)
CLI.C.563879539,2024-12-24,,,2026-06-17 (supplement)
CLI.C.564222476,2024-12-23,,,2026-06-17 (supplement)
CLI.C.573313850,2024-12-23,,,2026-06-17 (supplement)
CLI.C.575721703,2024-12-23,,,"2026-05-29 (batch, via supplement pool)"
CLI.C.575862947,2024-12-23,,,"2026-05-29 (batch, via supplement pool)"
CLI.C.567793581,2024-12-22,70,694,2026-05-29 (batch 1–500)
CLI.C.575813894,2024-12-22,,,2026-05-29 (batch 1–500)
CLI.C.565605335,2024-12-19,,,2026-06-17 (supplement)
CLI.C.573962260,2024-12-18,30,641,2026-05-29 (batch 1–500)
CLI.C.574100275,2024-12-18,30,792,2026-05-29 (batch 1–500)
CLI.C.576427534,2024-12-17,,,"2026-05-29 (batch, via supplement pool)"
CLI.C.574138595,2024-12-16,,,2026-06-17 (supplement)
CLI.C.577025158,2024-12-13,,,2026-06-17 (supplement)
CLI.C.566239549,2024-12-12,,,2026-05-29 (batch 1–500)
CLI.C.568824362,2024-12-12,,,2026-06-17 (supplement)
CLI.C.576086348,2024-12-12,,,2026-05-29 (batch 1–500)
CLI.C.576691223,2024-12-12,,,2026-06-17 (supplement)
CLI.C.565421570,2024-12-11,,,2026-06-17 (supplement)
CLI.C.573962034,2024-12-11,,,2026-05-29 (batch 501–1000)
CLI.C.574205680,2024-12-11,,,2026-05-29 (batch 1–500)
CLI.C.565292787,2024-12-10,,,2026-06-17 (supplement)
CLI.C.573509078,2024-12-09,,,2026-06-17 (supplement)
CLI.C.574341602,2024-12-09,,,"2026-05-29 (batch, via supplement pool)"
CLI.C.575864967,2024-12-09,,,2026-06-17 (supplement)
CLI.C.573086735,2024-12-08,,,2026-05-29 (batch 501–1000)
CLI.C.573973993,2024-12-08,,,2026-05-29 (batch 1–500)
CLI.C.569614162,2024-12-07,30,624,2026-05-29 (batch 1–500)
CLI.C.565156340,2024-12-06,,,2026-06-17 (supplement)
CLI.C.564938261,2024-12-04,,,2026-06-17 (supplement)
CLI.C.574819659,2024-12-04,,,2026-05-29 (batch 501–1000)
CLI.C.565416077,2024-12-03,70,766,2026-06-17 (supplement)
CLI.C.574390580,2024-12-03,,,2026-05-29 (batch 1–500)
CLI.C.577066233,2024-12-03,,,2026-06-17 (supplement)
CLI.C.564601442,2024-12-02,,,2026-06-17 (supplement)
CLI.C.568413577,2024-12-02,,,2026-06-17 (supplement)
CLI.C.576339804,2024-12-02,,,2026-06-17 (supplement)
CLI.C.567123423,2024-11-30,,,2026-05-29 (batch 1–500)
CLI.C.574944736,2024-11-30,,,2026-06-17 (supplement)
CLI.C.574504175,2024-11-29,30,690,2026-05-29 (batch 1–500)
CLI.C.576284568,2024-11-29,,,2026-05-29 (batch 1–500)
CLI.C.576914587,2024-11-29,,,2026-06-17 (supplement)
CLI.C.564677630,2024-11-28,,,2026-06-17 (supplement)
CLI.C.565926695,2024-11-28,,,2026-06-17 (supplement)
CLI.C.568430605,2024-11-28,,,2026-05-29 (batch 1–500)
CLI.C.572826134,2024-11-28,,,2026-05-29 (batch 1–500)
CLI.C.575711491,2024-11-28,,,2026-05-29 (batch 1–500)
CLI.C.576004533,2024-11-28,,,2026-05-29 (batch 1–500)
CLI.C.576326008,2024-11-28,,,2026-05-29 (batch 1–500)
CLI.C.569290414,2024-11-27,,,2026-05-29 (batch 501–1000)
CLI.C.569315041,2024-11-27,,,2026-05-29 (batch 1–500)
CLI.C.574510579,2024-11-27,,,2026-06-17 (supplement)
CLI.C.568896011,2024-11-26,30,738,2026-05-29 (batch 1–500)
CLI.C.573107148,2024-11-26,,,2026-06-17 (supplement)
CLI.C.566366457,2024-11-25,,,2026-06-17 (supplement)
CLI.C.569243409,2024-11-25,,,2026-05-29 (batch 1–500)
CLI.C.565931868,2024-11-24,,,2026-05-29 (batch 1–500)
CLI.C.573298295,2024-11-24,,,2026-06-17 (supplement)
CLI.C.574552664,2024-11-23,,,2026-05-29 (batch 501–1000)
CLI.C.566009921,2024-11-22,,,2026-05-29 (batch 501–1000)
CLI.C.566242414,2024-11-22,,,2026-05-29 (batch 1–500)
CLI.C.569240114,2024-11-22,,,2026-05-29 (batch 501–1000)
CLI.C.565691380,2024-11-21,,,2026-06-17 (supplement)
CLI.C.566957069,2024-11-21,,,2026-06-17 (supplement)
CLI.C.573169997,2024-11-21,,,2026-06-17 (supplement)
CLI.C.565855190,2024-11-20,,,2026-06-17 (supplement)
CLI.C.573073166,2024-11-20,,,2026-05-29 (batch 501–1000)
CLI.C.573309786,2024-11-20,70,709,2026-05-29 (batch 1–500)
CLI.C.575032817,2024-11-20,,,2026-05-29 (batch 1–500)
CLI.C.564438555,2024-11-18,,,2026-06-17 (supplement)
CLI.C.573939743,2024-11-18,,,2026-05-29 (batch 1–500)
CLI.C.573074995,2024-11-16,,,2026-05-29 (batch 501–1000)
CLI.C.566247130,2024-11-15,,,2026-05-29 (batch 501–1000)
CLI.C.569523693,2024-11-15,,,2026-05-29 (batch 1–500)
CLI.C.573517332,2024-11-15,,,2026-05-29 (batch 501–1000)
CLI.C.574015631,2024-11-14,,,2026-05-29 (batch 1–500)
CLI.C.574839658,2024-11-14,30,674,2026-05-29 (batch 1–500)
CLI.C.565547851,2024-11-13,,,2026-06-17 (supplement)
CLI.C.574980170,2024-11-13,,,2026-05-29 (batch 1–500)
CLI.C.575027996,2024-11-12,70,787,2026-05-29 (batch 1–500)
CLI.C.565186408,2024-11-11,,,2026-06-17 (supplement)
CLI.C.574904714,2024-11-11,,,2026-06-17 (supplement)
CLI.C.576050514,2024-11-10,,,2026-05-29 (batch 1–500)
CLI.C.565161794,2024-11-08,,,2026-06-17 (supplement)
CLI.C.568895964,2024-11-08,,,2026-05-29 (batch 1–500)
CLI.C.573158842,2024-11-08,,,2026-06-17 (supplement)
CLI.C.565911633,2024-11-07,,,2026-06-17 (supplement)
CLI.C.569661337,2024-11-07,,,2026-05-29 (batch 1–500)
CLI.C.569674280,2024-11-07,,,2026-05-29 (batch 501–1000)
CLI.C.574383654,2024-11-07,,,2026-05-29 (batch 501–1000)
CLI.C.574794347,2024-11-07,,,2026-05-29 (batch 501–1000)
CLI.C.575885316,2024-11-07,,,"2026-05-29 (batch, via supplement pool)"
CLI.C.564805641,2024-11-06,,,2026-06-17 (supplement)
CLI.C.565714846,2024-11-06,70,689,2026-06-17 (supplement)
CLI.C.564966194,2024-11-05,,,2026-06-17 (supplement)
CLI.C.574222714,2024-11-05,,,2026-05-29 (batch 1–500)
CLI.C.568387320,2024-11-04,,,2026-06-17 (supplement)
CLI.C.569243613,2024-11-04,,,2026-06-17 (supplement)
CLI.C.574948787,2024-11-04,,,2026-06-17 (supplement)
CLI.C.577255109,2024-11-04,,,2026-06-17 (supplement)
CLI.C.573274813,2024-11-03,,,2026-05-29 (batch 501–1000)
CLI.C.574501883,2024-11-03,,,"2026-05-29 (batch, via supplement pool)"
CLI.C.577071041,2024-11-03,70,642,2026-06-17 (supplement)
CLI.C.568767661,2024-11-02,,,2026-05-29 (batch 501–1000)
CLI.C.573275127,2024-11-02,,,2026-05-29 (batch 1–500)
CLI.C.574396296,2024-11-02,,,2026-05-29 (batch 501–1000)
CLI.C.566791056,2024-11-01,,,2026-06-17 (supplement)
CLI.C.569283233,2024-11-01,,,2026-05-29 (batch 1–500)
CLI.C.565678274,2024-10-31,,,2026-05-29 (batch 1–500)
CLI.C.568839048,2024-10-31,,,2026-05-29 (batch 1–500)
CLI.C.575830500,2024-10-31,,,2026-05-29 (batch 1–500)
CLI.C.564460792,2024-10-30,,,2026-06-17 (supplement)
CLI.C.573282559,2024-10-30,,,2026-05-29 (batch 501–1000)
CLI.C.574760722,2024-10-30,,,2026-05-29 (batch 501–1000)
CLI.C.576258168,2024-10-30,,,2026-06-17 (supplement)
CLI.C.569240371,2024-10-29,,,2026-05-29 (batch 1–500)
CLI.C.574984000,2024-10-29,,,2026-05-29 (batch 501–1000)
CLI.C.568727232,2024-10-28,,,2026-05-29 (batch 1–500)
CLI.C.569600931,2024-10-28,,,2026-05-29 (batch 1–500)
CLI.C.564365574,2024-10-25,70,684,2026-06-17 (supplement)
CLI.C.573048523,2024-10-25,,,2026-05-29 (batch 1–500)
CLI.C.573347134,2024-10-25,,,2026-05-29 (batch 501–1000)
CLI.C.573972833,2024-10-25,,,2026-06-17 (supplement)
CLI.C.573069185,2024-10-24,,,2026-05-29 (batch 501–1000)
CLI.C.573300230,2024-10-24,,,2026-06-17 (supplement)
CLI.C.574140605,2024-10-24,,,2026-05-29 (batch 1–500)
CLI.C.574721419,2024-10-24,,,2026-06-17 (supplement)
CLI.C.563928890,2024-10-23,,,2026-06-17 (supplement)
CLI.C.569095664,2024-10-23,,,2026-05-29 (batch 1–500)
CLI.C.573086871,2024-10-23,,,2026-06-17 (supplement)
CLI.C.574652736,2024-10-23,,,2026-05-29 (batch 1–500)
CLI.C.566365166,2024-10-22,,,2026-06-17 (supplement)
CLI.C.574539050,2024-10-22,,,2026-05-29 (batch 1–500)
CLI.C.564965920,2024-10-21,,,2026-06-17 (supplement)
CLI.C.565546748,2024-10-21,,,2026-06-17 (supplement)
CLI.C.568986602,2024-10-21,,,2026-05-29 (batch 1–500)
CLI.C.573317271,2024-10-21,,,2026-06-17 (supplement)
CLI.C.573459937,2024-10-21,,,2026-05-29 (batch 501–1000)
CLI.C.573744470,2024-10-21,,,2026-06-17 (supplement)
CLI.C.574215565,2024-10-21,,,2026-05-29 (batch 501–1000)
CLI.C.575668731,2024-10-20,,,2026-05-29 (batch 501–1000)
CLI.C.574695315,2024-10-18,,,2026-06-17 (supplement)
CLI.C.565606879,2024-10-17,,,2026-06-17 (supplement)
CLI.C.573294677,2024-10-17,30,643,2026-05-29 (batch 1–500)
CLI.C.576284674,2024-10-17,30,730,2026-05-29 (batch 1–500)
CLI.C.574441779,2024-10-16,,,2026-05-29 (batch 1–500)
CLI.C.575839646,2024-10-16,,,2026-05-29 (batch 1–500)
CLI.C.576364008,2024-10-16,,,2026-05-29 (batch 1–500)
CLI.C.574162039,2024-10-15,,,2026-05-29 (batch 1–500)
CLI.C.574652794,2024-10-15,,,2026-05-29 (batch 1–500)
CLI.C.573509232,2024-10-14,,,2026-05-29 (batch 1–500)
CLI.C.576620575,2024-10-14,,,2026-06-17 (supplement)
CLI.C.564248440,2024-10-13,,,2026-06-17 (supplement)
CLI.C.569519042,2024-10-12,,,2026-05-29 (batch 501–1000)
CLI.C.565409151,2024-10-10,,,2026-06-17 (supplement)
CLI.C.573314997,2024-10-10,,,2026-06-17 (supplement)
CLI.C.565415842,2024-10-09,,,2026-06-17 (supplement)
CLI.C.568721304,2024-10-09,,,2026-05-29 (batch 1–500)
CLI.C.572761110,2024-10-09,,,2026-06-17 (supplement)
CLI.C.574380634,2024-10-09,,,2026-05-29 (batch 1–500)
CLI.C.576385569,2024-10-09,,,2026-05-29 (batch 1–500)
CLI.C.565708266,2024-10-08,,,2026-06-17 (supplement)
CLI.C.574369668,2024-10-08,,,2026-05-29 (batch 501–1000)
CLI.C.574943005,2024-10-08,,,2026-05-29 (batch 1–500)
CLI.C.564812520,2024-10-07,70,695,2026-06-17 (supplement)
CLI.C.568719289,2024-10-06,,,2026-05-29 (batch 1–500)
CLI.C.574211775,2024-10-06,,,2026-05-29 (batch 1–500)
CLI.C.565443144,2024-10-05,,,2026-06-17 (supplement)
CLI.C.566358953,2024-10-05,,,2026-06-17 (supplement)
CLI.C.574986474,2024-10-05,,,2026-05-29 (batch 501–1000)
CLI.C.576331398,2024-10-05,,,2026-05-29 (batch 1–500)
CLI.C.569276447,2024-10-04,,,2026-05-29 (batch 1–500)
CLI.C.573879288,2024-10-04,,,2026-05-29 (batch 501–1000)
CLI.C.568913463,2024-10-02,,,2026-06-17 (supplement)
CLI.C.573488172,2024-10-02,,,2026-06-17 (supplement)
CLI.C.574107335,2024-10-02,,,2026-05-29 (batch 501–1000)
CLI.C.577135209,2024-10-02,,,2026-06-17 (supplement)
CLI.C.573503397,2024-10-01,,,2026-06-17 (supplement)
CLI.C.569104905,2024-09-30,,,2026-05-29 (batch 1–500)
CLI.C.573324838,2024-09-30,,,2026-05-29 (batch 1–500)
CLI.C.574126886,2024-09-30,,,2026-06-17 (supplement)
CLI.C.569649901,2024-09-27,,,2026-06-17 (supplement)
CLI.C.564641612,2024-09-26,,,2026-06-17 (supplement)
CLI.C.566367710,2024-09-26,70,637,2026-06-17 (supplement)
CLI.C.574746472,2024-09-26,,,2026-05-29 (batch 501–1000)
CLI.C.565321802,2024-09-25,,,2026-06-17 (supplement)
CLI.C.575054348,2024-09-25,,,2026-05-29 (batch 1–500)
CLI.C.564245962,2024-09-24,,,2026-06-17 (supplement)
CLI.C.574216074,2024-09-24,,,2026-05-29 (batch 501–1000)
CLI.C.575752244,2024-09-24,,,2026-05-29 (batch 1–500)
CLI.C.573319308,2024-09-21,,,2026-06-17 (supplement)
CLI.C.573714929,2024-09-21,,,2026-05-29 (batch 501–1000)
CLI.C.575472917,2024-09-19,,,2026-05-29 (batch 1–500)
CLI.C.573168360,2024-09-17,,,2026-05-29 (batch 1–500)
CLI.C.567795981,2024-09-15,,,2026-06-17 (supplement)
CLI.C.569634013,2024-09-13,,,2026-05-29 (batch 1–500)
CLI.C.573420551,2024-09-13,,,2026-06-17 (supplement)
CLI.C.565418519,2024-09-12,,,2026-06-17 (supplement)
CLI.C.574123464,2024-09-12,,,2026-06-17 (supplement)
CLI.C.565188407,2024-09-11,,,2026-06-17 (supplement)
CLI.C.564599712,2024-09-10,,,2026-06-17 (supplement)
CLI.C.573721567,2024-09-10,,,2026-05-29 (batch 1–500)
CLI.C.574158558,2024-09-09,,,2026-05-29 (batch 501–1000)
CLI.C.577027340,2024-09-07,,,2026-06-17 (supplement)
CLI.C.569010864,2024-09-06,,,2026-06-17 (supplement)
CLI.C.573136452,2024-09-05,,,2026-05-29 (batch 1–500)
CLI.C.574993030,2024-09-05,,,2026-06-17 (supplement)
CLI.C.573028748,2024-09-04,,,2026-05-29 (batch 1–500)
CLI.C.576298704,2024-09-04,30,695,2026-05-29 (batch 1–500)
CLI.C.577103175,2024-09-04,,,2026-06-17 (supplement)
CLI.C.565826761,2024-09-03,,,2026-06-17 (supplement)
CLI.C.569306188,2024-09-03,,,2026-05-29 (batch 1–500)
CLI.C.565278358,2024-09-02,,,2026-06-17 (supplement)
CLI.C.573057682,2024-09-02,,,2026-06-17 (supplement)
CLI.C.573566047,2024-09-02,,,2026-05-29 (batch 501–1000)
CLI.C.574775342,2024-09-02,,,2026-05-29 (batch 1–500)
CLI.C.573714173,2024-09-01,,,2026-05-29 (batch 1–500)
CLI.C.569661429,2024-08-31,,,2026-06-17 (supplement)
CLI.C.573840138,2024-08-31,,,2026-06-17 (supplement)
CLI.C.574663029,2024-08-31,,,"2026-05-29 (batch, via supplement pool)"
CLI.C.574682084,2024-08-31,,,2026-06-17 (supplement)
CLI.C.565421645,2024-08-30,,,2026-06-17 (supplement)
CLI.C.568752111,2024-08-30,,,2026-05-29 (batch 501–1000)
CLI.C.569278577,2024-08-30,,,2026-05-29 (batch 1–500)
CLI.C.574694137,2024-08-30,,,2026-05-29 (batch 1–500)
CLI.C.574425808,2024-08-28,,,2026-06-17 (supplement)
CLI.C.565650840,2024-08-27,,,2026-06-17 (supplement)
CLI.C.572980778,2024-08-27,,,2026-05-29 (batch 1–500)
CLI.C.574792070,2024-08-27,,,2026-06-17 (supplement)
CLI.C.565324101,2024-08-25,70,616,2026-06-17 (supplement)
CLI.C.569175444,2024-08-24,70,755,2026-05-29 (batch 1–500)
CLI.C.574712485,2024-08-24,70,608,2026-05-29 (batch 1–500)
CLI.C.574727602,2024-08-24,,,2026-05-29 (batch 1–500)
CLI.C.569176621,2024-08-23,,,2026-05-29 (batch 501–1000)
CLI.C.576890616,2024-08-23,,,2026-06-17 (supplement)
CLI.C.567663310,2024-08-22,,,2026-05-29 (batch 501–1000)
CLI.C.573091299,2024-08-22,,,2026-06-17 (supplement)
CLI.C.573567149,2024-08-22,,,2026-06-17 (supplement)
CLI.C.576547210,2024-08-22,,,2026-06-17 (supplement)
CLI.C.569651812,2024-08-21,,,2026-05-29 (batch 501–1000)
CLI.C.577042020,2024-08-21,,,2026-06-17 (supplement)
CLI.C.564460105,2024-08-20,,,2026-06-17 (supplement)
CLI.C.564007876,2024-08-19,,,2026-06-17 (supplement)
CLI.C.565691251,2024-08-19,,,2026-06-17 (supplement)
CLI.C.573357944,2024-08-19,,,2026-05-29 (batch 501–1000)
CLI.C.574055178,2024-08-18,,,2026-06-17 (supplement)
CLI.C.564273658,2024-08-17,,,2026-06-17 (supplement)
CLI.C.574383676,2024-08-17,,,2026-05-29 (batch 501–1000)
CLI.C.564542468,2024-08-16,,,2026-06-17 (supplement)
CLI.C.565930965,2024-08-15,,,2026-06-17 (supplement)
CLI.C.566127129,2024-08-15,,,2026-05-29 (batch 1–500)
CLI.C.569274187,2024-08-15,,,2026-06-17 (supplement)
CLI.C.573072587,2024-08-15,,,2026-05-29 (batch 501–1000)
CLI.C.573309445,2024-08-15,,,2026-05-29 (batch 501–1000)
CLI.C.573854904,2024-08-15,,,2026-06-17 (supplement)
CLI.C.575156036,2024-08-15,,,2026-05-29 (batch 1–500)
CLI.C.565722440,2024-08-14,,,2026-06-17 (supplement)
CLI.C.573472369,2024-08-13,,,2026-06-17 (supplement)
CLI.C.576162472,2024-08-13,30,665,2026-05-29 (batch 1–500)
CLI.C.564477010,2024-08-12,,,2026-06-17 (supplement)
CLI.C.564815785,2024-08-12,,,2026-06-17 (supplement)
CLI.C.565882500,2024-08-12,,,2026-06-17 (supplement)
CLI.C.575029422,2024-08-12,,,2026-05-29 (batch 1–500)
CLI.C.569686591,2024-08-10,,,2026-05-29 (batch 501–1000)
CLI.C.574205821,2024-08-10,,,2026-05-29 (batch 501–1000)
CLI.C.576002492,2024-08-10,,,2026-05-29 (batch 1–500)
CLI.C.567792565,2024-08-09,30,644,2026-05-29 (batch 1–500)
CLI.C.573024463,2024-08-09,,,2026-05-29 (batch 501–1000)
CLI.C.573455396,2024-08-09,,,2026-05-29 (batch 1–500)
CLI.C.574529251,2024-08-09,,,2026-05-29 (batch 1–500)
CLI.C.576713507,2024-08-09,,,2026-06-17 (supplement)
CLI.C.573526222,2024-08-08,,,2026-05-29 (batch 501–1000)
CLI.C.569166845,2024-08-07,,,2026-05-29 (batch 501–1000)
CLI.C.573319754,2024-08-06,,,2026-06-17 (supplement)
CLI.C.575950282,2024-08-06,,,2026-05-29 (batch 1–500)
CLI.C.565325779,2024-08-04,,,2026-06-17 (supplement)
CLI.C.574324080,2024-08-04,30,677,2026-05-29 (batch 1–500)
CLI.C.575239447,2024-08-03,,,2026-05-29 (batch 1–500)
CLI.C.563802975,2024-08-02,,,2026-06-17 (supplement)
CLI.C.565248697,2024-08-02,,,2026-06-17 (supplement)
CLI.C.568689726,2024-08-02,,,2026-06-17 (supplement)
CLI.C.576781270,2024-08-01,,,2026-06-17 (supplement)
CLI.C.565297501,2024-07-31,,,2026-06-17 (supplement)
CLI.C.575003348,2024-07-31,,,2026-06-17 (supplement)
CLI.C.576782873,2024-07-31,,,2026-06-17 (supplement)
CLI.C.573418368,2024-07-30,,,2026-06-17 (supplement)
CLI.C.576005957,2024-07-30,,,2026-05-29 (batch 1–500)
CLI.C.574792075,2024-07-29,,,2026-05-29 (batch 1–500)
CLI.C.576786092,2024-07-26,,,2026-06-17 (supplement)
CLI.C.564677786,2024-07-23,,,2026-06-17 (supplement)
CLI.C.573545707,2024-07-22,,,2026-05-29 (batch 501–1000)
CLI.C.576201677,2024-07-22,,,2026-06-17 (supplement)
CLI.C.575183082,2024-07-21,,,2026-05-29 (batch 1–500)
CLI.C.573847804,2024-07-20,,,2026-06-17 (supplement)
CLI.C.564869343,2024-07-19,,,2026-06-17 (supplement)
CLI.C.573130204,2024-07-19,,,2026-05-29 (batch 1–500)
CLI.C.569104875,2024-07-17,,,2026-05-29 (batch 1–500)
CLI.C.573564668,2024-07-17,,,2026-05-29 (batch 501–1000)
CLI.C.576407444,2024-07-17,,,2026-05-29 (batch 1–500)
CLI.C.573164263,2024-07-16,70,618,2026-05-29 (batch 1–500)
CLI.C.573450066,2024-07-16,,,2026-06-17 (supplement)
CLI.C.565218265,2024-07-15,,,2026-06-17 (supplement)
CLI.C.565395815,2024-07-15,70,669,2026-06-17 (supplement)
CLI.C.573412212,2024-07-15,,,2026-06-17 (supplement)
CLI.C.564391950,2024-07-12,,,2026-06-17 (supplement)
CLI.C.569285277,2024-07-12,,,2026-06-17 (supplement)
CLI.C.573582204,2024-07-12,,,2026-05-29 (batch 501–1000)
CLI.C.573078538,2024-07-10,,,2026-06-17 (supplement)
CLI.C.573326704,2024-07-10,,,2026-05-29 (batch 1–500)
CLI.C.573458332,2024-07-10,,,2026-05-29 (batch 1–500)
CLI.C.575014743,2024-07-10,,,2026-05-29 (batch 501–1000)
CLI.C.565584142,2024-07-09,,,2026-06-17 (supplement)
CLI.C.569063555,2024-07-09,,,2026-06-17 (supplement)
CLI.C.575273506,2024-07-09,,,2026-05-29 (batch 501–1000)
CLI.C.565878147,2024-07-08,,,2026-05-29 (batch 1–500)
CLI.C.574443637,2024-07-08,,,2026-06-17 (supplement)
CLI.C.576056031,2024-07-08,,,2026-06-17 (supplement)
CLI.C.564958358,2024-07-07,,,2026-06-17 (supplement)
CLI.C.576487199,2024-07-06,,,"2026-05-29 (batch, via supplement pool)"
CLI.C.563942878,2024-07-05,70,659,2026-06-17 (supplement)
CLI.C.568898779,2024-07-05,,,2026-05-29 (batch 501–1000)
CLI.C.574093589,2024-07-05,,,2026-05-29 (batch 1–500)
CLI.C.563274520,2024-07-03,,,2026-06-17 (supplement)
CLI.C.574982319,2024-07-03,,,"2026-05-29 (batch, via supplement pool)"
CLI.C.575749155,2024-07-03,,,2026-05-29 (batch 1–500)
CLI.C.573446911,2024-07-02,,,2026-05-29 (batch 1–500)
CLI.C.574212835,2024-07-01,,,2026-05-29 (batch 1–500)
CLI.C.565102319,2024-06-30,,,2026-06-17 (supplement)
CLI.C.568916768,2024-06-30,,,2026-06-17 (supplement)
CLI.C.569167212,2024-06-30,,,2026-05-29 (batch 1–500)
CLI.C.574055790,2024-06-30,,,2026-06-17 (supplement)
CLI.C.574431488,2024-06-30,,,2026-05-29 (batch 1–500)
CLI.C.575714016,2024-06-29,,,2026-05-29 (batch 1–500)
CLI.C.564448117,2024-06-28,,,2026-06-17 (supplement)
CLI.C.564591308,2024-06-28,,,2026-06-17 (supplement)
CLI.C.574656822,2024-06-27,,,2026-06-17 (supplement)
CLI.C.564962176,2024-06-26,,,2026-06-17 (supplement)
CLI.C.573310503,2024-06-26,,,2026-05-29 (batch 1–500)
CLI.C.573507983,2024-06-25,,,2026-05-29 (batch 501–1000)
CLI.C.574667387,2024-06-25,,,2026-05-29 (batch 1–500)
CLI.C.568386773,2024-06-24,,,2026-05-29 (batch 1–500)
CLI.C.574213362,2024-06-24,,,2026-06-17 (supplement)
CLI.C.576427738,2024-06-24,,,2026-05-29 (batch 501–1000)
CLI.C.563951296,2024-06-23,,,2026-06-17 (supplement)
CLI.C.565329538,2024-06-23,,,2026-06-17 (supplement)
CLI.C.574208097,2024-06-23,,,2026-05-29 (batch 1–500)
CLI.C.565856383,2024-06-22,,,2026-06-17 (supplement)
CLI.C.569836015,2024-06-21,,,2026-05-29 (batch 1–500)
CLI.C.576737115,2024-06-21,,,2026-06-17 (supplement)
CLI.C.564678736,2024-06-20,,,2026-06-17 (supplement)
CLI.C.577028619,2024-06-20,,,2026-06-17 (supplement)
CLI.C.564677286,2024-06-18,,,2026-06-17 (supplement)
CLI.C.572975021,2024-06-18,,,2026-06-17 (supplement)
CLI.C.574033217,2024-06-17,,,2026-06-17 (supplement)
CLI.C.574207699,2024-06-15,,,2026-05-29 (batch 1–500)
CLI.C.573472723,2024-06-14,,,2026-06-17 (supplement)
CLI.C.573979053,2024-06-14,,,2026-06-17 (supplement)
CLI.C.574340275,2024-06-14,,,2026-05-29 (batch 1–500)
CLI.C.576322678,2024-06-13,,,2026-06-17 (supplement)
CLI.C.564379708,2024-06-12,,,2026-06-17 (supplement)
CLI.C.574208625,2024-06-12,,,2026-06-17 (supplement)
CLI.C.576249381,2024-06-12,,,"2026-05-29 (batch, via supplement pool)"
CLI.C.569019049,2024-06-11,,,2026-05-29 (batch 1–500)
CLI.C.575609784,2024-06-11,30,626,2026-05-29 (batch 1–500)
CLI.C.574374848,2024-06-10,,,2026-06-17 (supplement)
CLI.C.565086330,2024-06-08,70,663,2026-06-17 (supplement)
CLI.C.575208803,2024-06-07,,,2026-05-29 (batch 1–500)
CLI.C.575606115,2024-06-07,,,2026-05-29 (batch 1–500)
CLI.C.564713815,2024-06-06,,,2026-06-17 (supplement)
CLI.C.573172659,2024-06-06,,,2026-06-17 (supplement)
CLI.C.564678305,2024-06-04,,,2026-06-17 (supplement)
CLI.C.574911899,2024-06-03,,,2026-05-29 (batch 1–500)
CLI.C.573182705,2024-06-02,,,2026-05-29 (batch 1–500)
CLI.C.573966293,2024-06-01,,,2026-05-29 (batch 1–500)
CLI.C.564782824,2024-05-31,,,2026-06-17 (supplement)
CLI.C.573568315,2024-05-31,,,2026-06-17 (supplement)
CLI.C.573465921,2024-05-30,,,2026-05-29 (batch 501–1000)
CLI.C.573550062,2024-05-29,,,2026-05-29 (batch 501–1000)
CLI.C.574803709,2024-05-29,,,2026-05-29 (batch 1–500)
CLI.C.566012285,2024-05-28,,,2026-06-17 (supplement)
CLI.C.573407117,2024-05-27,,,2026-06-17 (supplement)
CLI.C.573508778,2024-05-27,,,2026-06-17 (supplement)
CLI.C.573967959,2024-05-27,,,2026-06-17 (supplement)
CLI.C.574209549,2024-05-27,,,2026-06-17 (supplement)
CLI.C.574387677,2024-05-27,,,2026-06-17 (supplement)
CLI.C.574551000,2024-05-27,,,2026-06-17 (supplement)
CLI.C.575579218,2024-05-27,,,2026-05-29 (batch 1–500)
CLI.C.577238814,2024-05-25,,,2026-06-17 (supplement)
CLI.C.575609332,2024-05-24,,,2026-05-29 (batch 1–500)
CLI.C.564946113,2024-05-23,,,2026-06-17 (supplement)
CLI.C.573349505,2024-05-23,,,2026-05-29 (batch 501–1000)
CLI.C.568689199,2024-05-22,,,2026-05-29 (batch 1–500)
CLI.C.574528521,2024-05-22,,,2026-05-29 (batch 1–500)
CLI.C.574815430,2024-05-21,,,2026-05-29 (batch 1–500)
CLI.C.575475519,2024-05-20,,,2026-05-29 (batch 1–500)
CLI.C.576291430,2024-05-20,,,2026-06-17 (supplement)
CLI.C.565240627,2024-05-18,70,760,2026-06-17 (supplement)
CLI.C.574551443,2024-05-18,,,2026-06-17 (supplement)
CLI.C.574933768,2024-05-18,,,2026-05-29 (batch 1–500)
CLI.C.565122430,2024-05-17,,,2026-06-17 (supplement)
CLI.C.565297886,2024-05-17,,,2026-06-17 (supplement)
CLI.C.565419510,2024-05-16,,,2026-06-17 (supplement)
CLI.C.574012946,2024-05-15,,,2026-05-29 (batch 1–500)
CLI.C.574375467,2024-05-14,,,2026-05-29 (batch 501–1000)
CLI.C.575279392,2024-05-14,,,2026-05-29 (batch 1–500)
CLI.C.565669053,2024-05-13,,,2026-06-17 (supplement)
CLI.C.569853431,2024-05-13,,,2026-05-29 (batch 1–500)
CLI.C.572830028,2024-05-13,,,2026-05-29 (batch 1–500)
CLI.C.573020508,2024-05-13,70,643,2026-06-17 (supplement)
CLI.C.576742631,2024-05-13,,,2026-06-17 (supplement)
CLI.C.565571441,2024-05-11,,,2026-06-17 (supplement)
CLI.C.569256112,2024-05-09,,,2026-06-17 (supplement)
CLI.C.575196505,2024-05-09,,,2026-05-29 (batch 1–500)
CLI.C.565428724,2024-05-08,,,2026-06-17 (supplement)
CLI.C.576566986,2024-05-08,,,2026-06-17 (supplement)
CLI.C.574794906,2024-05-06,,,2026-05-29 (batch 1–500)
CLI.C.575171042,2024-05-06,,,2026-06-17 (supplement)
CLI.C.565240709,2024-05-05,,,2026-06-17 (supplement)
CLI.C.565878141,2024-05-04,,,2026-06-17 (supplement)
CLI.C.573727328,2024-05-04,,,2026-05-29 (batch 1–500)
CLI.C.564696706,2024-05-03,,,2026-06-17 (supplement)
CLI.C.573957220,2024-05-03,,,2026-05-29 (batch 1–500)
CLI.C.574645496,2024-05-01,,,2026-06-17 (supplement)
CLI.C.564678472,2024-04-30,,,2026-06-17 (supplement)
CLI.C.569021691,2024-04-30,,,2026-06-17 (supplement)
CLI.C.573453341,2024-04-30,,,2026-05-29 (batch 1–500)
CLI.C.563628060,2024-04-29,,,2026-06-17 (supplement)
CLI.C.564274285,2024-04-29,,,2026-06-17 (supplement)
CLI.C.573332836,2024-04-29,,,2026-05-29 (batch 1–500)
CLI.C.573956345,2024-04-27,,,2026-05-29 (batch 1–500)
CLI.C.574685421,2024-04-27,,,2026-06-17 (supplement)
CLI.C.574909599,2024-04-24,,,2026-06-17 (supplement)
CLI.C.565286157,2024-04-22,,,2026-06-17 (supplement)
CLI.C.576370063,2024-04-22,,,2026-05-29 (batch 1–500)
CLI.C.573397404,2024-04-20,,,2026-05-29 (batch 501–1000)
CLI.C.565240936,2024-04-18,,,2026-06-17 (supplement)
CLI.C.575674007,2024-04-18,,,2026-05-29 (batch 1–500)
CLI.C.564274764,2024-04-17,,,2026-06-17 (supplement)
CLI.C.565430216,2024-04-17,,,2026-06-17 (supplement)
CLI.C.568837533,2024-04-17,,,2026-05-29 (batch 501–1000)
CLI.C.573559171,2024-04-16,,,2026-05-29 (batch 1–500)
CLI.C.574888903,2024-04-16,,,2026-05-29 (batch 1–500)
CLI.C.572816578,2024-04-15,70,626,2026-06-17 (supplement)
CLI.C.573174805,2024-04-15,,,2026-05-29 (batch 501–1000)
CLI.C.573085550,2024-04-14,,,2026-05-29 (batch 501–1000)
CLI.C.573039608,2024-04-13,,,2026-05-29 (batch 1–500)
CLI.C.575813873,2024-04-13,,,2026-06-17 (supplement)
CLI.C.576162834,2024-04-13,,,2026-05-29 (batch 1–500)
CLI.C.567663308,2024-04-12,70,632,2026-05-29 (batch 1–500)
CLI.C.573180602,2024-04-12,,,2026-05-29 (batch 501–1000)
CLI.C.575637694,2024-04-11,,,2026-05-29 (batch 1–500)
CLI.C.564419139,2024-04-10,,,2026-06-17 (supplement)
CLI.C.574765904,2024-04-10,,,2026-05-29 (batch 1–500)
CLI.C.568687917,2024-04-09,,,2026-06-17 (supplement)
CLI.C.573421930,2024-04-09,,,2026-05-29 (batch 1–500)
CLI.C.569171135,2024-04-08,,,2026-06-17 (supplement)
CLI.C.574727120,2024-04-08,,,2026-05-29 (batch 1–500)
CLI.C.573299574,2024-04-07,,,2026-06-17 (supplement)
CLI.C.574968630,2024-04-07,,,2026-05-29 (batch 501–1000)
CLI.C.565862748,2024-04-06,,,2026-05-29 (batch 501–1000)
CLI.C.573094927,2024-04-05,,,2026-06-17 (supplement)
CLI.C.564450537,2024-04-04,,,2026-06-17 (supplement)
CLI.C.576443486,2024-04-03,,,2026-05-29 (batch 1–500)
CLI.C.565410648,2024-04-01,,,2026-06-17 (supplement)
CLI.C.573486188,2024-04-01,,,2026-05-29 (batch 501–1000)
CLI.C.574955744,2024-04-01,,,2026-06-17 (supplement)
CLI.C.575678602,2024-03-31,,,2026-05-29 (batch 1–500)
CLI.C.564448028,2024-03-28,,,2026-06-17 (supplement)
CLI.C.573179920,2024-03-28,,,2026-05-29 (batch 1–500)
CLI.C.575270910,2024-03-27,,,2026-05-29 (batch 1–500)
CLI.C.562872827,2024-03-26,,,2026-06-17 (supplement)
CLI.C.564938467,2024-03-26,,,2026-06-17 (supplement)
CLI.C.573420561,2024-03-25,,,2026-05-29 (batch 1–500)
CLI.C.565060268,2024-03-22,70,740,2026-06-17 (supplement)
CLI.C.565102458,2024-03-22,,,2026-06-17 (supplement)
CLI.C.563757464,2024-03-20,,,2026-06-17 (supplement)
CLI.C.573422638,2024-03-19,,,2026-06-17 (supplement)
CLI.C.575265266,2024-03-19,,,2026-05-29 (batch 1–500)
CLI.C.568819309,2024-03-18,,,2026-05-29 (batch 501–1000)
CLI.C.574552616,2024-03-17,,,2026-06-17 (supplement)
CLI.C.574841769,2024-03-15,,,2026-06-17 (supplement)
CLI.C.566365968,2024-03-13,,,2026-05-29 (batch 1–500)
CLI.C.569543504,2024-03-13,,,2026-05-29 (batch 501–1000)
CLI.C.572825514,2024-03-13,,,2026-05-29 (batch 501–1000)
CLI.C.565805443,2024-03-11,30,605,2026-05-29 (batch 1–500)
CLI.C.564450087,2024-03-10,,,2026-06-17 (supplement)
CLI.C.574048559,2024-03-10,,,2026-05-29 (batch 501–1000)
CLI.C.565155746,2024-03-08,,,2026-06-17 (supplement)
CLI.C.566476217,2024-03-08,,,2026-06-17 (supplement)
CLI.C.565036728,2024-03-07,,,2026-06-17 (supplement)
CLI.C.569651582,2024-03-06,,,2026-06-17 (supplement)
CLI.C.574679823,2024-03-05,,,2026-06-17 (supplement)
CLI.C.568911478,2024-03-04,,,2026-05-29 (batch 1–500)
CLI.C.573850414,2024-03-04,,,2026-05-29 (batch 1–500)
CLI.C.575636939,2024-03-02,,,2026-05-29 (batch 501–1000)
CLI.C.569247837,2024-02-26,,,2026-05-29 (batch 1–500)
CLI.C.569301747,2024-02-26,,,2026-06-17 (supplement)
CLI.C.565877897,2024-02-24,,,2026-06-17 (supplement)
CLI.C.574438170,2024-02-24,,,2026-06-17 (supplement)
CLI.C.569241633,2024-02-23,,,2026-06-17 (supplement)
CLI.C.566479307,2024-02-22,,,2026-06-17 (supplement)
CLI.C.573306670,2024-02-21,,,2026-05-29 (batch 501–1000)
CLI.C.573349123,2024-02-21,,,2026-05-29 (batch 501–1000)
CLI.C.565570125,2024-02-19,,,2026-06-17 (supplement)
CLI.C.564969923,2024-02-18,,,2026-06-17 (supplement)
CLI.C.565548599,2024-02-18,,,2026-06-17 (supplement)
CLI.C.568132424,2024-02-17,,,2026-06-17 (supplement)
CLI.C.565403384,2024-02-16,,,2026-06-17 (supplement)
CLI.C.573277657,2024-02-16,,,2026-05-29 (batch 1–500)
CLI.C.573285600,2024-02-16,,,2026-06-17 (supplement)
CLI.C.574510454,2024-02-15,,,2026-06-17 (supplement)
CLI.C.576782093,2024-02-15,,,2026-06-17 (supplement)
CLI.C.564464846,2024-02-14,,,2026-06-17 (supplement)
CLI.C.565827883,2024-02-14,,,2026-06-17 (supplement)
CLI.C.575227772,2024-02-12,30,616,2026-05-29 (batch 1–500)
CLI.C.574714652,2024-02-11,,,2026-05-29 (batch 501–1000)
CLI.C.575835292,2024-02-11,,,"2026-05-29 (batch, via supplement pool)"
CLI.C.576778219,2024-02-10,,,2026-06-17 (supplement)
CLI.C.565209408,2024-02-09,,,2026-06-17 (supplement)
CLI.C.565877510,2024-02-08,,,2026-06-17 (supplement)
CLI.C.574528408,2024-02-08,,,2026-05-29 (batch 1–500)
CLI.C.566119274,2024-02-07,,,2026-05-29 (batch 1–500)
CLI.C.574787349,2024-02-07,,,2026-05-29 (batch 501–1000)
CLI.C.565645921,2024-02-06,,,2026-06-17 (supplement)
CLI.C.574813080,2024-02-04,,,2026-05-29 (batch 501–1000)
CLI.C.573626667,2024-02-02,,,2026-05-29 (batch 501–1000)
CLI.C.576330621,2024-02-02,,,2026-05-29 (batch 1–500)
CLI.C.566009036,2024-01-28,,,2026-06-17 (supplement)
CLI.C.565609448,2024-01-27,,,2026-06-17 (supplement)
CLI.C.569020659,2024-01-27,,,2026-05-29 (batch 501–1000)
CLI.C.574656465,2024-01-27,,,2026-05-29 (batch 501–1000)
CLI.C.573913825,2024-01-24,,,2026-05-29 (batch 1–500)
CLI.C.574372232,2024-01-23,,,2026-06-17 (supplement)
CLI.C.575002767,2024-01-23,,,2026-06-17 (supplement)
CLI.C.572722759,2024-01-19,,,2026-06-17 (supplement)
CLI.C.574791386,2024-01-19,,,2026-06-17 (supplement)
CLI.C.564275325,2024-01-18,,,2026-06-17 (supplement)
CLI.C.576358401,2024-01-16,,,2026-06-17 (supplement)
CLI.C.573018394,2024-01-15,,,2026-05-29 (batch 1–500)
CLI.C.565862960,2024-01-14,,,2026-05-29 (batch 1–500)
CLI.C.576023846,2024-01-13,,,2026-05-29 (batch 501–1000)
CLI.C.564939551,2024-01-11,,,2026-06-17 (supplement)
CLI.C.575885241,2024-01-11,,,2026-05-29 (batch 1–500)
CLI.C.576534439,2024-01-11,,,2026-06-17 (supplement)
CLI.C.574427220,2024-01-10,,,2026-06-17 (supplement)
CLI.C.564785110,2024-01-09,,,2026-06-17 (supplement)
CLI.C.573853377,2024-01-08,,,2026-05-29 (batch 1–500)
CLI.C.565866574,2024-01-05,,,2026-06-17 (supplement)
CLI.C.575062848,2024-01-04,,,2026-05-29 (batch 1–500)
CLI.C.573175708,2024-01-02,,,2026-05-29 (batch 1–500)
CLI.C.573409632,2024-01-02,,,2026-06-17 (supplement)
CLI.C.575382741,2024-01-02,,,2026-05-29 (batch 1–500)
CLI.C.575028957,2024-01-01,,,2026-05-29 (batch 1–500)
CLI.C.569315640,2023-12-29,,,2026-06-17 (supplement)
CLI.C.574439187,2023-12-27,70,687,2026-06-17 (supplement)
CLI.C.568735969,2023-12-26,,,2026-05-29 (batch 501–1000)
CLI.C.569036511,2023-12-23,,,2026-05-29 (batch 501–1000)
CLI.C.574772487,2023-12-22,,,2026-05-29 (batch 501–1000)
CLI.C.564452073,2023-12-20,,,2026-06-17 (supplement)
CLI.C.569663687,2023-12-20,,,2026-05-29 (batch 1–500)
CLI.C.569672693,2023-12-15,70,643,2026-06-17 (supplement)
CLI.C.573193166,2023-12-14,,,2026-06-17 (supplement)
CLI.C.568687888,2023-12-10,,,2026-06-17 (supplement)
CLI.C.567227372,2023-12-09,,,2026-06-17 (supplement)
CLI.C.565552475,2023-12-07,,,2026-06-17 (supplement)
CLI.C.565852967,2023-12-05,,,2026-06-17 (supplement)
CLI.C.573188704,2023-12-05,,,2026-06-17 (supplement)
CLI.C.575600052,2023-12-04,,,"2026-05-29 (batch, via supplement pool)"
CLI.C.564605787,2023-12-01,,,2026-06-17 (supplement)
CLI.C.566118771,2023-12-01,,,2026-06-17 (supplement)
CLI.C.566119524,2023-12-01,,,2026-06-17 (supplement)
CLI.C.577035732,2023-12-01,,,2026-06-17 (supplement)
CLI.C.574916975,2023-11-30,,,2026-05-29 (batch 501–1000)
CLI.C.574983868,2023-11-30,,,2026-06-17 (supplement)
CLI.C.565224539,2023-11-29,,,2026-06-17 (supplement)
CLI.C.565358802,2023-11-27,,,2026-06-17 (supplement)
CLI.C.569675128,2023-11-22,,,2026-06-17 (supplement)
CLI.C.573446654,2023-11-21,,,2026-05-29 (batch 1–500)
CLI.C.573934810,2023-11-21,,,2026-06-17 (supplement)
CLI.C.573725616,2023-11-18,,,2026-05-29 (batch 1–500)
CLI.C.573137453,2023-11-16,,,2026-06-17 (supplement)
CLI.C.564599652,2023-11-15,70,601,2026-06-17 (supplement)
CLI.C.565581073,2023-11-15,,,2026-06-17 (supplement)
CLI.C.574811426,2023-11-15,,,2026-06-17 (supplement)
CLI.C.569522173,2023-11-13,,,2026-05-29 (batch 1–500)
CLI.C.576317715,2023-11-13,,,2026-05-29 (batch 1–500)
CLI.C.565943451,2023-11-11,,,2026-06-17 (supplement)
CLI.C.574213623,2023-11-10,,,2026-05-29 (batch 1–500)
CLI.C.564349881,2023-11-09,,,2026-06-17 (supplement)
CLI.C.574386373,2023-11-04,,,2026-05-29 (batch 1–500)
CLI.C.573488604,2023-11-03,,,2026-05-29 (batch 1–500)
CLI.C.577066418,2023-10-31,,,2026-06-17 (supplement)
CLI.C.564425992,2023-10-30,,,2026-06-17 (supplement)
CLI.C.564566834,2023-10-30,,,2026-06-17 (supplement)
CLI.C.569848587,2023-10-30,,,"2026-05-29 (batch, via supplement pool)"
CLI.C.573374548,2023-10-30,,,2026-05-29 (batch 1–500)
CLI.C.576422080,2023-10-28,,,2026-06-17 (supplement)
CLI.C.573511959,2023-10-23,,,2026-06-17 (supplement)
CLI.C.575953880,2023-10-23,,,2026-05-29 (batch 1–500)
CLI.C.564783367,2023-10-21,,,2026-06-17 (supplement)
CLI.C.565358845,2023-10-13,,,2026-06-17 (supplement)
CLI.C.573165097,2023-10-12,,,2026-05-29 (batch 1–500)
CLI.C.565667251,2023-10-11,,,2026-06-17 (supplement)
CLI.C.574535019,2023-10-10,,,2026-05-29 (batch 1–500)
CLI.C.576163397,2023-10-10,30,708,2026-05-29 (batch 1–500)
CLI.C.575076047,2023-10-06,,,2026-05-29 (batch 1–500)
CLI.C.574679049,2023-09-30,,,2026-05-29 (batch 1–500)
CLI.C.567961774,2023-09-29,,,2026-05-29 (batch 501–1000)
CLI.C.574918632,2023-09-29,,,2026-06-17 (supplement)
CLI.C.577043737,2023-09-29,,,2026-06-17 (supplement)
CLI.C.574058036,2023-09-28,,,2026-05-29 (batch 1–500)
CLI.C.565028185,2023-09-25,,,2026-06-17 (supplement)
CLI.C.577124297,2023-09-24,,,2026-06-17 (supplement)
CLI.C.564356028,2023-09-23,,,2026-06-17 (supplement)
CLI.C.577095252,2023-09-20,,,2026-06-17 (supplement)
CLI.C.563849491,2023-09-17,,,2026-06-17 (supplement)
CLI.C.574941002,2023-09-15,,,2026-05-29 (batch 1–500)
CLI.C.576292146,2023-09-15,,,2026-06-17 (supplement)
CLI.C.576032182,2023-09-13,70,603,2026-05-29 (batch 1–500)
CLI.C.575790294,2023-09-05,,,2026-06-17 (supplement)
CLI.C.576234957,2023-09-04,,,"2026-05-29 (batch, via supplement pool)"
CLI.C.565444647,2023-09-01,,,2026-06-17 (supplement)
CLI.C.568755415,2023-08-29,,,2026-05-29 (batch 501–1000)
CLI.C.568771274,2023-08-29,,,2026-06-17 (supplement)
CLI.C.574692889,2023-08-29,,,2026-06-17 (supplement)
CLI.C.575158332,2023-08-29,30,633,2026-05-29 (batch 1–500)
CLI.C.573450416,2023-08-25,,,2026-05-29 (batch 501–1000)
CLI.C.565095576,2023-08-23,,,2026-06-17 (supplement)
CLI.C.573141031,2023-08-22,,,2026-05-29 (batch 501–1000)
CLI.C.567124482,2023-08-21,,,2026-05-29 (batch 1–500)
CLI.C.573351955,2023-08-19,,,2026-06-17 (supplement)
CLI.C.565039109,2023-08-16,,,2026-06-17 (supplement)
CLI.C.573936503,2023-08-16,,,2026-05-29 (batch 1–500)
CLI.C.564999096,2023-08-15,,,2026-06-17 (supplement)
CLI.C.577241603,2023-08-11,,,2026-06-17 (supplement)
CLI.C.574441615,2023-08-10,,,2026-05-29 (batch 1–500)
CLI.C.576417720,2023-08-10,,,"2026-05-29 (batch, via supplement pool)"
CLI.C.574709808,2023-08-07,,,2026-05-29 (batch 501–1000)
CLI.C.575813857,2023-08-07,,,2026-05-29 (batch 1–500)
CLI.C.565342059,2023-08-06,,,2026-06-17 (supplement)
CLI.C.574709494,2023-08-06,,,2026-05-29 (batch 501–1000)
CLI.C.574298350,2023-07-29,,,2026-05-29 (batch 501–1000)
CLI.C.568991426,2023-07-22,,,2026-05-29 (batch 1–500)
CLI.C.567768822,2023-07-15,,,2026-06-17 (supplement)
CLI.C.576896931,2023-07-05,70,770,2026-06-17 (supplement)
CLI.C.574947500,2023-07-04,,,2026-06-17 (supplement)
CLI.C.566247104,2023-06-30,,,2026-06-17 (supplement)
CLI.C.562722520,2023-06-28,,,2026-06-17 (supplement)
CLI.C.574791351,2023-06-28,,,2026-06-17 (supplement)
CLI.C.575033930,2023-06-27,,,2026-05-29 (batch 1–500)
CLI.C.564788608,2023-06-25,,,2026-06-17 (supplement)
CLI.C.572965031,2023-06-25,,,2026-05-29 (batch 501–1000)
CLI.C.576222766,2023-06-25,,,2026-05-29 (batch 1–500)
CLI.C.566246873,2023-06-24,,,2026-05-29 (batch 1–500)
CLI.C.565771748,2023-06-13,,,2026-05-29 (batch 501–1000)
CLI.C.569168393,2023-06-12,,,2026-05-29 (batch 1–500)
CLI.C.564999323,2023-06-11,,,2026-06-17 (supplement)
CLI.C.575028497,2023-06-11,,,2026-06-17 (supplement)
CLI.C.569304440,2023-06-09,,,2026-05-29 (batch 501–1000)
CLI.C.573565427,2023-06-09,,,2026-05-29 (batch 501–1000)
CLI.C.564676746,2023-06-07,,,2026-06-17 (supplement)
CLI.C.574719461,2023-06-07,,,2026-05-29 (batch 1–500)
CLI.C.573060751,2023-06-05,,,2026-05-29 (batch 1–500)
CLI.C.574995289,2023-06-04,,,2026-05-29 (batch 1–500)
CLI.C.576407707,2023-06-01,,,2026-05-29 (batch 1–500)
CLI.C.577029312,2023-06-01,,,2026-06-17 (supplement)
CLI.C.573723078,2023-05-30,,,2026-06-17 (supplement)
CLI.C.575827473,2023-05-26,,,2026-05-29 (batch 1–500)
CLI.C.569183069,2023-05-23,,,2026-06-17 (supplement)
CLI.C.564297664,2023-05-22,,,2026-06-17 (supplement)
CLI.C.569657885,2023-05-19,,,2026-06-17 (supplement)
CLI.C.564426352,2023-05-17,,,2026-06-17 (supplement)
CLI.C.576020357,2023-05-08,,,2026-05-29 (batch 1–500)
CLI.C.565947974,2023-05-06,,,2026-05-29 (batch 501–1000)
CLI.C.574614291,2023-05-06,,,2026-05-29 (batch 1–500)
CLI.C.576483073,2023-05-06,,,2026-06-17 (supplement)
CLI.C.573483028,2023-05-05,,,2026-05-29 (batch 501–1000)
CLI.C.569003535,2023-05-04,,,2026-05-29 (batch 501–1000)
CLI.C.565278482,2023-05-01,,,2026-06-17 (supplement)
CLI.C.565060500,2023-04-18,,,2026-06-17 (supplement)
CLI.C.569276661,2023-04-13,,,2026-06-17 (supplement)
CLI.C.573363934,2023-04-13,,,2026-05-29 (batch 1–500)
CLI.C.574650903,2023-04-10,,,2026-05-29 (batch 501–1000)
CLI.C.577212024,2023-04-10,,,2026-06-17 (supplement)
CLI.C.565216016,2023-04-08,,,2026-06-17 (supplement)
CLI.C.564700338,2023-04-07,,,2026-06-17 (supplement)
CLI.C.576278724,2023-04-06,,,2026-05-29 (batch 1–500)
CLI.C.575537157,2023-04-05,,,2026-06-17 (supplement)
CLI.C.565116600,2023-04-04,70,693,2026-06-17 (supplement)
CLI.C.569066489,2023-04-02,,,2026-05-29 (batch 501–1000)
CLI.C.566009901,2023-03-28,,,2026-06-17 (supplement)
CLI.C.573420885,2023-03-24,,,2026-05-29 (batch 1–500)
CLI.C.568803619,2023-03-20,,,2026-05-29 (batch 501–1000)
CLI.C.564349895,2023-03-14,,,2026-06-17 (supplement)
CLI.C.574674602,2023-03-14,,,2026-05-29 (batch 1–500)
CLI.C.574105422,2023-03-08,,,2026-05-29 (batch 501–1000)
CLI.C.574553243,2023-03-08,,,2026-05-29 (batch 501–1000)
CLI.C.573981912,2023-02-28,,,2026-05-29 (batch 1–500)
CLI.C.576706442,2023-02-27,,,2026-06-17 (supplement)
CLI.C.574953754,2023-02-25,,,2026-05-29 (batch 501–1000)
CLI.C.565828098,2023-02-24,,,2026-06-17 (supplement)
CLI.C.576333304,2023-02-22,,,2026-06-17 (supplement)
CLI.C.565664076,2023-02-18,,,2026-06-17 (supplement)
CLI.C.573071537,2023-02-16,,,2026-05-29 (batch 1–500)
CLI.C.575475693,2023-02-16,,,2026-05-29 (batch 1–500)
CLI.C.573172968,2023-02-15,,,2026-05-29 (batch 1–500)
CLI.C.569541653,2023-02-06,,,2026-06-17 (supplement)
CLI.C.568693213,2023-02-02,,,2026-06-17 (supplement)
CLI.C.576324860,2023-02-02,,,2026-05-29 (batch 501–1000)
CLI.C.574218606,2023-01-25,,,2026-06-17 (supplement)
CLI.C.563939753,2023-01-20,,,2026-06-17 (supplement)
CLI.C.573043288,2023-01-20,,,2026-05-29 (batch 501–1000)
CLI.C.564914884,2022-12-23,,,2026-06-17 (supplement)
CLI.C.574293444,2022-12-20,,,2026-05-29 (batch 1–500)
CLI.C.573352320,2022-11-28,,,2026-06-17 (supplement)
CLI.C.569100280,2022-11-24,,,2026-05-29 (batch 1–500)
CLI.C.577044967,2022-11-22,,,2026-06-17 (supplement)
CLI.C.573569449,2022-11-21,,,2026-06-17 (supplement)
CLI.C.565163648,2022-11-20,,,2026-06-17 (supplement)
CLI.C.569066934,2022-11-20,,,2026-06-17 (supplement)
CLI.C.564178309,2022-11-19,,,2026-06-17 (supplement)
CLI.C.568908406,2022-11-17,,,2026-05-29 (batch 1–500)
CLI.C.575781284,2022-11-16,,,2026-05-29 (batch 1–500)
CLI.C.564298267,2022-11-13,,,2026-06-17 (supplement)
CLI.C.576513872,2022-11-08,,,2026-06-17 (supplement)
CLI.C.573090077,2022-11-05,,,2026-06-17 (supplement)
CLI.C.574436662,2022-10-31,,,2026-05-29 (batch 501–1000)
CLI.C.574064320,2022-10-29,,,2026-05-29 (batch 1–500)
CLI.C.576542628,2022-10-29,,,2026-05-29 (batch 1–500)
CLI.C.569048859,2022-10-26,,,2026-05-29 (batch 1–500)
CLI.C.574202113,2022-10-26,,,2026-05-29 (batch 501–1000)
CLI.C.576138051,2022-10-26,,,2026-05-29 (batch 1–500)
CLI.C.564877685,2022-10-19,,,2026-06-17 (supplement)
CLI.C.573084193,2022-10-15,,,2026-06-17 (supplement)
CLI.C.574205408,2022-10-15,,,2026-05-29 (batch 1–500)
CLI.C.574139986,2022-10-13,,,2026-06-17 (supplement)
CLI.C.574706823,2022-10-13,,,2026-05-29 (batch 1–500)
CLI.C.568985832,2022-09-30,,,2026-06-17 (supplement)
CLI.C.563067619,2022-09-12,,,2026-06-17 (supplement)
CLI.C.577234551,2022-09-08,,,2026-06-17 (supplement)
CLI.C.565104097,2022-08-26,,,2026-06-17 (supplement)
CLI.C.576336400,2022-08-24,,,2026-06-17 (supplement)
CLI.C.565616322,2022-08-17,,,2026-06-17 (supplement)
CLI.C.568430188,2022-08-15,,,2026-06-17 (supplement)
CLI.C.565244190,2022-08-11,,,2026-06-17 (supplement)
CLI.C.564783074,2022-08-08,,,2026-06-17 (supplement)
CLI.C.574499469,2022-08-03,,,2026-05-29 (batch 1–500)
CLI.C.569633697,2022-07-25,,,2026-06-17 (supplement)
CLI.C.565926274,2022-07-22,,,2026-06-17 (supplement)
CLI.C.569161624,2022-07-19,,,2026-06-17 (supplement)
CLI.C.574050015,2022-07-13,,,2026-05-29 (batch 501–1000)
CLI.C.574014681,2022-07-06,,,2026-05-29 (batch 1–500)
CLI.C.574379771,2022-07-06,,,2026-06-17 (supplement)
CLI.C.568414086,2022-06-20,,,2026-06-17 (supplement)
CLI.C.573458719,2022-06-10,,,2026-06-17 (supplement)
CLI.C.575615694,2022-06-03,,,2026-05-29 (batch 1–500)
CLI.C.565668845,2022-06-02,,,2026-06-17 (supplement)
CLI.C.565299996,2022-05-24,,,2026-06-17 (supplement)
CLI.C.577099072,2022-05-24,,,2026-06-17 (supplement)
CLI.C.569242511,2022-05-13,,,2026-05-29 (batch 1–500)
CLI.C.573491415,2022-05-06,,,2026-05-29 (batch 1–500)
CLI.C.572970195,2022-05-04,,,2026-05-29 (batch 501–1000)
CLI.C.576251177,2022-04-30,,,2026-06-17 (supplement)
CLI.C.575862697,2022-04-18,,,2026-06-17 (supplement)
CLI.C.565930387,2022-03-29,,,2026-06-17 (supplement)
CLI.C.565647810,2022-03-16,,,2026-06-17 (supplement)
CLI.C.574770654,2022-03-13,,,2026-05-29 (batch 501–1000)
CLI.C.575667708,2022-03-07,,,2026-05-29 (batch 501–1000)
CLI.C.574763972,2022-03-06,,,2026-05-29 (batch 501–1000)
CLI.C.574750800,2022-03-03,,,"2026-05-29 (batch, via supplement pool)"
CLI.C.575762744,2022-03-02,,,2026-05-29 (batch 1–500)
CLI.C.569522455,2022-02-23,,,2026-05-29 (batch 501–1000)
CLI.C.573305068,2022-02-16,,,2026-05-29 (batch 1–500)
CLI.C.574548589,2022-02-16,,,2026-06-17 (supplement)
CLI.C.565720245,2022-02-15,,,2026-06-17 (supplement)
CLI.C.575397957,2022-02-15,,,2026-05-29 (batch 1–500)
CLI.C.573110641,2022-02-02,,,2026-05-29 (batch 501–1000)
CLI.C.565684180,2022-01-29,,,2026-05-29 (batch 1–500)
CLI.C.568933928,2022-01-25,,,2026-06-17 (supplement)
CLI.C.576779697,2022-01-20,,,2026-06-17 (supplement)
CLI.C.577037460,2021-12-29,,,2026-06-17 (supplement)
CLI.C.576362947,2021-12-28,,,"2026-05-29 (batch, via supplement pool)"
CLI.C.574547087,2021-12-21,,,2026-05-29 (batch 501–1000)
CLI.C.575042113,2021-12-21,,,2026-06-17 (supplement)
CLI.C.573307595,2021-12-10,,,2026-05-29 (batch 501–1000)
CLI.C.574917609,2021-12-10,,,2026-05-29 (batch 1–500)
CLI.C.568857981,2021-11-11,,,2026-05-29 (batch 1–500)
CLI.C.565027298,2021-11-07,,,2026-06-17 (supplement)
CLI.C.574797109,2021-10-31,,,2026-05-29 (batch 501–1000)
CLI.C.577117935,2021-10-29,,,2026-06-17 (supplement)
CLI.C.574033022,2021-10-28,,,2026-05-29 (batch 1–500)
CLI.C.574438987,2021-10-09,,,2026-05-29 (batch 1–500)
CLI.C.564295301,2021-09-29,,,2026-06-17 (supplement)
CLI.C.565120297,2021-09-04,,,2026-06-17 (supplement)
CLI.C.573311911,2021-09-02,,,2026-05-29 (batch 1–500)
CLI.C.574768155,2021-08-30,,,2026-06-17 (supplement)
CLI.C.573103403,2021-08-10,,,2026-06-17 (supplement)
CLI.C.574429351,2021-07-30,,,2026-05-29 (batch 1–500)
CLI.C.569526283,2021-07-26,,,2026-05-29 (batch 1–500)
CLI.C.563990154,2021-07-16,,,2026-06-17 (supplement)
CLI.C.576323352,2021-07-01,,,2026-05-29 (batch 1–500)
CLI.C.574889264,2021-04-27,,,2026-05-29 (batch 501–1000)
CLI.C.573135390,2021-03-19,,,2026-05-29 (batch 501–1000)
CLI.C.569170924,2021-02-05,,,2026-05-29 (batch 1–500)
CLI.C.564475504,2021-01-31,,,2026-06-17 (supplement)
CLI.C.577087649,2021-01-18,,,2026-06-17 (supplement)
CLI.C.563941214,2020-12-23,70,749,2026-06-17 (supplement)
CLI.C.576317128,2020-12-23,70,725,2026-05-29 (batch 1–500)
CLI.C.574908626,2020-12-14,,,2026-05-29 (batch 1–500)
CLI.C.574656642,2020-12-07,,,2026-05-29 (batch 1–500)
CLI.C.576484360,2020-11-13,,,"2026-05-29 (batch, via supplement pool)"
CLI.C.575750752,2020-09-27,,,2026-05-29 (batch 1–500)
CLI.C.569037112,2020-09-25,70,716,2026-06-17 (supplement)
CLI.C.569284235,2020-04-13,,,2026-06-17 (supplement)
CLI.C.573979570,2020-04-03,,,2026-05-29 (batch 501–1000)
CLI.C.566242955,2020-04-02,,,2026-06-17 (supplement)
CLI.C.569281488,2020-01-07,,,2026-05-29 (batch 501–1000)
CLI.C.573962523,2019-08-09,,,2026-05-29 (batch 1–500)
CLI.C.569016277,2019-05-21,,,2026-05-29 (batch 501–1000)
CLI.C.575606770,2019-04-30,,,2026-06-17 (supplement)
CLI.C.565652766,2018-11-21,,,2026-06-17 (supplement)
CLI.C.574940131,2018-08-01,,,2026-05-29 (batch 501–1000)
CLI.C.568406913,2018-05-23,,,2026-05-29 (batch 1–500)
CLI.C.562996454,2018-01-13,,,2026-06-17 (supplement)
CLI.C.573728971,2017-12-04,,,2026-05-29 (batch 1–500)
CLI.C.574709373,2017-11-25,,,2026-05-29 (batch 501–1000)
CLI.C.577026672,2017-07-21,70,784,2026-06-17 (supplement)
CLI.C.573414919,2017-02-25,,,2026-05-29 (batch 501–1000)
CLI.C.573301630,2016-12-02,,,2026-05-29 (batch 501–1000)
CLI.C.566901010,2016-11-20,,,2026-05-29 (batch 1–500)
CLI.C.564938459,2016-11-17,,,2026-06-17 (supplement)
CLI.C.568718197,2016-10-11,,,2026-06-17 (supplement)
CLI.C.573185143,2016-09-27,,,2026-06-17 (supplement)
CLI.C.565666602,2016-09-25,,,2026-06-17 (supplement)
CLI.C.567124997,2016-09-25,,,2026-06-17 (supplement)
CLI.C.569015091,2016-09-25,,,2026-06-17 (supplement)
CLI.C.569066170,2016-09-25,,,2026-06-17 (supplement)
CLI.C.574431467,2016-09-25,,,2026-05-29 (batch 501–1000)
CLI.C.575859876,2016-09-25,,,2026-05-29 (batch 501–1000)
CLI.C.577068507,2015-10-29,,,2026-06-17 (supplement)
CLI.C.573356947,2015-07-15,,,2026-06-17 (supplement)
CLI.C.563335509,2015-02-28,,,2026-06-17 (supplement)
CLI.C.575157251,2014-04-05,,,2026-05-29 (batch 1–500)
CLI.C.574677167,2013-03-11,,,2026-05-29 (batch 501–1000)
CLI.C.576742188,2012-12-22,,,2026-06-17 (supplement)
CLI.C.564477137,2012-10-31,,,2026-06-17 (supplement)
CLI.C.577169194,2011-06-01,,,2026-06-17 (supplement)
CLI.C.573391027,2011-02-26,,,2026-05-29 (batch 501–1000)
CLI.C.568430449,2011-02-10,,,2026-06-17 (supplement)
CLI.C.565210189,2010-09-08,,,2026-06-17 (supplement)
CLI.C.568740973,2010-02-22,,,2026-05-29 (batch 501–1000)
CLI.C.569036671,,,,2026-05-29 (batch 1–500)
CLI.C.573462605,,,,2026-05-29 (batch 1–500)
CLI.C.574535624,,,,2026-05-29 (batch 501–1000)
CLI.C.574747535,,,,2026-05-29 (batch 1–500)
CLI.C.574802587,,,,2026-06-17 (supplement)
CLI.C.574923317,,,,2026-05-29 (batch 1–500)
CLI.C.575942405,,,,2026-05-29 (batch 1–500)
CLI.C.577016467,,,,2026-06-17 (supplement)
CLI.C.577099496,,,,2026-06-17 (supplement)
